fault_type,severity,n_joints,seed,onset_step,baseline_vel,baseline_vel_sd,velocity_drop_frac,degraded,recovery_status,recovery_time_s,post_fault_distance_m,post_fault_steps_survived,fell
torque_limit,0.2,1,0,235,0.52603,0.06713,0.30616,True,recovered,1.2833,2.31225,300,False
torque_limit,0.2,1,1,197,0.65305,0.07521,0.83152,True,no_recovery,,1.64834,300,False
torque_limit,0.2,1,2,233,0.51233,0.08207,1.00234,True,no_recovery,,0.27712,300,False
torque_limit,0.2,1,3,231,0.54384,0.12812,0.95492,True,no_recovery,,1.07629,300,False
torque_limit,0.2,1,4,222,0.5093,0.09859,1.29657,True,fell,,0.48498,121,True
torque_limit,0.2,1,6,194,0.52478,0.10329,0.95593,True,fell,,0.87553,140,True
torque_limit,0.2,1,7,244,0.54566,0.11242,0.5456,True,recovered,0.4,2.33673,300,False
torque_limit,0.2,1,8,221,0.69083,0.12239,0.9967,True,fell,,1.10333,176,True
torque_limit,0.2,1,9,192,0.38644,0.20837,0.05226,False,no_degradation,,2.44829,300,False
torque_limit,0.2,1,10,227,0.54904,0.11362,0.18866,True,fell,,0.29876,27,True
torque_limit,0.2,1,11,163,0.47767,0.18504,0.33996,True,no_recovery,,2.46747,300,False
torque_limit,0.2,1,12,211,0.54338,0.08989,0.45748,True,no_recovery,,1.93243,300,False
torque_limit,0.2,1,13,239,0.54842,0.15051,0.62524,True,no_recovery,,1.95862,300,False
torque_limit,0.2,1,14,165,0.62181,0.07285,1.06803,True,recovered,0.7,1.55103,300,False
torque_limit,0.2,1,15,243,0.47045,0.09053,0.03925,False,no_degradation,,2.66262,300,False
torque_limit,0.2,1,16,203,0.50162,0.0783,0.27213,True,recovered,3.6167,2.35231,300,False
torque_limit,0.2,1,17,224,0.36731,0.10806,0.13691,False,no_degradation,,2.09724,300,False
torque_limit,0.2,1,18,239,0.49644,0.08127,0.26075,True,recovered,2.2333,2.54819,300,False
torque_limit,0.2,1,19,208,0.46157,0.08726,0.27914,True,no_recovery,,2.56313,300,False
torque_limit,0.2,1,20,239,0.53145,0.10418,0.46334,True,recovered,0.6333,2.37824,300,False
torque_limit,0.2,1,21,180,0.17684,0.20493,0.21447,True,fell,,1.21533,142,True
torque_limit,0.2,1,22,227,0.51103,0.09637,0.35887,True,recovered,1.65,2.02076,300,False
torque_limit,0.2,1,23,153,0.55003,0.10158,0.36533,True,recovered,1.9,2.50032,300,False
torque_limit,0.2,1,24,188,0.35712,0.21863,0.28547,True,no_recovery,,2.26037,300,False
torque_limit,0.2,1,25,200,0.59573,0.12212,0.68131,True,recovered,1.0,1.78437,300,False
torque_limit,0.2,1,26,236,0.56828,0.06973,0.42087,True,no_recovery,,2.26513,300,False
torque_limit,0.2,1,27,150,0.42935,0.09427,0.96981,True,no_recovery,,0.89277,300,False
torque_limit,0.2,1,28,216,0.44881,0.07526,0.73177,True,fell,,2.18326,297,True
torque_limit,0.2,1,29,243,0.59802,0.06408,1.01688,True,no_recovery,,0.24324,300,False
torque_limit,0.2,1,30,160,0.58394,0.07795,0.30848,True,no_recovery,,2.74243,300,False
torque_limit,0.2,1,31,204,0.48764,0.08763,0.0791,False,no_degradation,,2.6033,300,False
torque_limit,0.2,1,32,237,0.64311,0.09105,0.99627,True,no_recovery,,0.23693,300,False
torque_limit,0.2,1,33,237,0.43399,0.0753,0.9809,True,fell,,0.5457,118,True
torque_limit,0.2,1,34,156,0.54171,0.08747,0.31007,True,recovered,1.85,2.4671,300,False
torque_limit,0.2,1,35,160,0.50209,0.10749,0.39927,True,recovered,0.0667,2.08123,300,False
torque_limit,0.2,1,36,188,0.59959,0.10476,0.47488,True,recovered,0.7667,2.42708,300,False
torque_limit,0.2,1,37,165,0.55999,0.08521,0.4052,True,recovered,2.5,2.31551,300,False
torque_limit,0.2,1,38,174,0.48712,0.06119,0.33928,True,recovered,3.9,2.3401,300,False
torque_limit,0.2,1,39,247,0.44713,0.117,-0.06592,False,fell,,0.41228,37,True
torque_limit,0.2,1,40,206,0.45167,0.07414,0.78677,True,recovered,4.2833,1.53529,300,False
torque_limit,0.2,1,41,216,0.55242,0.07295,1.00366,True,no_recovery,,0.19046,300,False
torque_limit,0.2,1,42,158,0.55229,0.06609,0.29972,True,recovered,1.5333,2.55735,300,False
torque_limit,0.2,1,43,200,0.48134,0.10383,0.28957,True,recovered,3.8833,2.38641,300,False
torque_limit,0.2,1,44,216,0.6031,0.06749,0.20052,True,fell,,0.26075,20,True
torque_limit,0.2,1,45,242,0.56498,0.13072,0.72612,True,no_recovery,,1.77394,300,False
torque_limit,0.2,1,46,200,0.6371,0.09016,1.03254,True,no_recovery,,0.61646,300,False
torque_limit,0.2,1,47,159,0.5722,0.09388,0.36094,True,recovered,2.2333,2.21179,300,False
torque_limit,0.2,1,48,163,0.45685,0.12735,0.08294,False,no_degradation,,2.8648,300,False
torque_limit,0.2,1,49,154,0.46554,0.10528,0.1678,True,fell,,0.84683,101,True
torque_limit,0.2,1,50,228,0.50493,0.09467,1.04324,True,recovered,1.1667,1.97104,300,False
torque_limit,0.2,1,51,188,0.57389,0.09353,0.80199,True,no_recovery,,1.63278,300,False
torque_limit,0.2,1,53,225,0.52504,0.11009,0.43339,True,recovered,0.25,2.17701,300,False
torque_limit,0.2,1,54,181,0.56589,0.08586,0.92139,True,fell,,0.68439,153,True
torque_limit,0.2,1,55,246,0.52052,0.11952,0.2204,True,recovered,1.85,2.46921,300,False
torque_limit,0.2,1,56,186,0.56342,0.08616,0.50317,True,recovered,1.9667,2.4533,300,False
torque_limit,0.2,1,57,156,0.55581,0.08025,0.70918,True,fell,,2.7254,299,True
torque_limit,0.2,1,58,201,0.50109,0.09869,0.83432,True,no_recovery,,1.1332,300,False
torque_limit,0.2,1,59,228,0.53614,0.06293,0.36266,True,fell,,0.24095,26,True
torque_limit,0.2,1,60,167,0.46348,0.10789,0.53745,True,fell,,1.69087,294,True
torque_limit,0.2,1,61,192,0.67113,0.19081,0.4315,True,recovered,3.0667,2.43169,300,False
torque_limit,0.2,1,62,194,0.50597,0.07308,0.55905,True,no_recovery,,2.02328,300,False
torque_limit,0.2,1,63,195,0.41331,0.10367,0.19835,True,no_recovery,,2.66532,300,False
torque_limit,0.2,1,64,201,0.55092,0.07626,0.90428,True,recovered,1.5167,1.65827,300,False
torque_limit,0.2,1,65,167,0.60199,0.12318,0.74838,True,no_recovery,,1.64586,300,False
torque_limit,0.2,1,66,244,0.5578,0.08799,0.78223,True,fell,,1.90774,217,True
torque_limit,0.2,1,67,228,0.55539,0.08262,0.89299,True,recovered,1.2667,2.14034,300,False
torque_limit,0.2,1,68,198,0.56744,0.08934,0.40391,True,recovered,1.6833,2.49644,300,False
torque_limit,0.2,1,69,155,0.53684,0.11656,0.64028,True,recovered,0.6667,2.34281,300,False
torque_limit,0.2,1,70,214,0.58907,0.07601,1.04448,True,recovered,3.45,1.26998,300,False
torque_limit,0.2,1,71,245,0.53591,0.10403,0.41695,True,recovered,2.6667,2.49488,300,False
torque_limit,0.2,1,72,245,0.5041,0.08412,0.35621,True,recovered,0.0167,2.00832,300,False
torque_limit,0.2,1,73,231,0.51599,0.10182,1.00707,True,no_recovery,,0.2042,300,False
torque_limit,0.2,1,74,169,0.45926,0.06921,0.12368,False,fell,,0.68372,74,True
torque_limit,0.2,1,75,216,0.42276,0.05715,1.0005,True,no_recovery,,0.8323,300,False
torque_limit,0.2,1,76,206,0.58002,0.08102,0.35192,True,recovered,0.9667,2.46457,300,False
torque_limit,0.2,1,77,155,0.57706,0.0932,0.59483,True,no_recovery,,1.9157,300,False
torque_limit,0.2,1,78,223,0.60339,0.09555,0.38682,True,recovered,2.25,2.60617,300,False
torque_limit,0.2,1,79,160,0.50426,0.07602,0.45973,True,recovered,2.8333,2.18617,300,False
torque_limit,0.2,1,80,240,0.49002,0.0841,0.47652,True,recovered,2.5,2.2547,300,False
torque_limit,0.2,1,81,155,0.54,0.07035,0.48342,True,recovered,1.9,2.51971,300,False
torque_limit,0.2,1,82,221,0.5612,0.09044,0.69658,True,fell,,1.00475,131,True
torque_limit,0.2,1,83,224,0.6244,0.09188,0.99916,True,no_recovery,,0.21769,300,False
torque_limit,0.2,1,84,215,0.37006,0.08298,0.29058,True,fell,,1.49869,186,True
torque_limit,0.2,1,85,221,0.51714,0.11788,0.82961,True,fell,,1.19582,155,True
torque_limit,0.2,1,86,245,0.63037,0.10425,0.37898,True,recovered,1.4667,2.60148,300,False
torque_limit,0.2,1,87,211,0.43326,0.09505,0.01984,False,no_degradation,,2.68608,300,False
torque_limit,0.2,1,88,200,0.50291,0.12929,1.13933,True,no_recovery,,0.38655,300,False
torque_limit,0.2,1,89,235,0.47252,0.09383,1.04362,True,fell,,0.39254,84,True
torque_limit,0.2,1,90,215,0.4722,0.12544,1.02649,True,no_recovery,,0.26306,300,False
torque_limit,0.2,1,91,223,0.47897,0.10522,0.04663,False,fell,,0.6655,67,True
torque_limit,0.2,1,92,194,0.53639,0.11681,0.8018,True,fell,,0.19414,33,True
torque_limit,0.2,1,93,245,0.48417,0.07888,0.63292,True,recovered,1.5833,2.34027,300,False
torque_limit,0.2,1,94,154,0.40717,0.08326,0.99801,True,no_recovery,,0.29306,300,False
torque_limit,0.2,1,95,194,0.50213,0.12008,1.01221,True,no_recovery,,0.27645,300,False
torque_limit,0.2,1,96,232,0.54866,0.10911,0.42267,True,recovered,3.6333,2.13485,300,False
torque_limit,0.2,1,97,163,0.50118,0.08977,0.24108,True,recovered,1.9667,2.46303,300,False
torque_limit,0.2,1,98,183,0.47009,0.1238,0.57476,True,fell,,1.29092,194,True
torque_limit,0.2,1,99,245,0.54933,0.07467,0.28209,True,recovered,1.0333,2.52637,300,False
joint_lock,1.0,1,0,235,0.52603,0.06713,0.57669,True,recovered,2.3,2.39883,300,False
joint_lock,1.0,1,1,197,0.65305,0.07521,0.44151,True,recovered,2.2333,2.84853,300,False
joint_lock,1.0,1,2,233,0.51233,0.08207,0.99855,True,no_recovery,,0.38184,300,False
joint_lock,1.0,1,3,231,0.54384,0.12812,0.56397,True,no_recovery,,1.94388,300,False
joint_lock,1.0,1,4,222,0.5093,0.09859,0.45833,True,recovered,0.9667,1.99191,300,False
joint_lock,1.0,1,6,194,0.52478,0.10329,0.3136,True,recovered,1.1667,2.52648,300,False
joint_lock,1.0,1,7,244,0.54566,0.11242,0.99543,True,no_recovery,,1.17906,300,False
joint_lock,1.0,1,8,221,0.69083,0.12239,0.56277,True,no_recovery,,2.62809,300,False
joint_lock,1.0,1,9,192,0.38644,0.20837,0.38676,True,recovered,1.6667,1.89133,300,False
joint_lock,1.0,1,10,227,0.54904,0.11362,0.32181,True,recovered,2.5667,2.3664,300,False
joint_lock,1.0,1,11,163,0.47767,0.18504,0.6772,True,recovered,3.95,1.77249,300,False
joint_lock,1.0,1,12,211,0.54338,0.08989,0.22987,True,recovered,2.1333,2.66408,300,False
joint_lock,1.0,1,13,239,0.54842,0.15051,0.75156,True,no_recovery,,1.70503,300,False
joint_lock,1.0,1,14,165,0.62181,0.07285,0.98233,True,no_recovery,,1.33867,300,False
joint_lock,1.0,1,15,243,0.47045,0.09053,0.40287,True,recovered,0.8167,2.23986,300,False
joint_lock,1.0,1,16,203,0.50162,0.0783,0.82447,True,recovered,2.3833,1.82901,300,False
joint_lock,1.0,1,17,224,0.36731,0.10806,0.09686,False,no_degradation,,2.11542,300,False
joint_lock,1.0,1,18,239,0.49644,0.08127,0.47843,True,recovered,2.2667,1.94398,300,False
joint_lock,1.0,1,19,208,0.46157,0.08726,0.26516,True,recovered,2.8333,2.43135,300,False
joint_lock,1.0,1,20,239,0.53145,0.10418,1.06272,True,no_recovery,,0.94091,300,False
joint_lock,1.0,1,21,180,0.17684,0.20493,0.16298,True,no_recovery,,2.3368,300,False
joint_lock,1.0,1,22,227,0.51103,0.09637,0.55325,True,no_recovery,,1.72594,300,False
joint_lock,1.0,1,23,153,0.55003,0.10158,0.33338,True,recovered,0.85,2.35049,300,False
joint_lock,1.0,1,24,188,0.35712,0.21863,0.31542,True,recovered,1.2,1.64133,300,False
joint_lock,1.0,1,25,200,0.59573,0.12212,0.79195,True,no_recovery,,1.76188,300,False
joint_lock,1.0,1,26,236,0.56828,0.06973,0.43896,True,recovered,1.7833,2.44021,300,False
joint_lock,1.0,1,27,150,0.42935,0.09427,1.04028,True,no_recovery,,1.11061,300,False
joint_lock,1.0,1,28,216,0.44881,0.07526,0.27319,True,recovered,3.2333,2.62767,300,False
joint_lock,1.0,1,29,243,0.59802,0.06408,1.00078,True,no_recovery,,0.47707,300,False
joint_lock,1.0,1,30,160,0.58394,0.07795,0.52046,True,no_recovery,,2.87322,300,False
joint_lock,1.0,1,31,204,0.48764,0.08763,0.7344,True,recovered,1.7333,2.04747,300,False
joint_lock,1.0,1,32,237,0.64311,0.09105,0.99674,True,no_recovery,,0.77702,300,False
joint_lock,1.0,1,33,237,0.43399,0.0753,0.28288,True,recovered,0.8,2.09813,300,False
joint_lock,1.0,1,34,156,0.54171,0.08747,0.83462,True,recovered,1.1833,2.05993,300,False
joint_lock,1.0,1,35,160,0.50209,0.10749,0.54611,True,no_recovery,,1.72307,300,False
joint_lock,1.0,1,36,188,0.59959,0.10476,0.21037,True,recovered,2.3833,3.15735,300,False
joint_lock,1.0,1,37,165,0.55999,0.08521,0.47018,True,no_recovery,,2.06438,300,False
joint_lock,1.0,1,38,174,0.48712,0.06119,0.38561,True,recovered,0.9167,1.97135,300,False
joint_lock,1.0,1,39,247,0.44713,0.117,0.26299,True,recovered,1.4833,2.51566,300,False
joint_lock,1.0,1,40,206,0.45167,0.07414,0.1009,False,no_degradation,,2.82873,300,False
joint_lock,1.0,1,41,216,0.55242,0.07295,1.00048,True,no_recovery,,0.26807,300,False
joint_lock,1.0,1,42,158,0.55229,0.06609,0.18332,True,recovered,4.4333,2.64668,300,False
joint_lock,1.0,1,43,200,0.48134,0.10383,0.58851,True,no_recovery,,1.47703,300,False
joint_lock,1.0,1,44,216,0.6031,0.06749,0.57745,True,no_recovery,,2.17825,300,False
joint_lock,1.0,1,45,242,0.56498,0.13072,0.25853,True,recovered,1.0833,3.09867,300,False
joint_lock,1.0,1,46,200,0.6371,0.09016,0.67639,True,no_recovery,,1.66364,300,False
joint_lock,1.0,1,47,159,0.5722,0.09388,0.50934,True,no_recovery,,1.89554,300,False
joint_lock,1.0,1,48,163,0.45685,0.12735,0.0942,False,no_degradation,,2.53597,300,False
joint_lock,1.0,1,49,154,0.46554,0.10528,0.49778,True,recovered,2.7167,1.6951,300,False
joint_lock,1.0,1,50,228,0.50493,0.09467,0.62727,True,no_recovery,,1.49734,300,False
joint_lock,1.0,1,51,188,0.57389,0.09353,0.32803,True,recovered,1.0833,2.68236,300,False
joint_lock,1.0,1,53,225,0.52504,0.11009,0.57281,True,no_recovery,,1.65437,300,False
joint_lock,1.0,1,54,181,0.56589,0.08586,0.6387,True,no_recovery,,1.83931,300,False
joint_lock,1.0,1,55,246,0.52052,0.11952,0.48,True,recovered,2.4,2.40359,300,False
joint_lock,1.0,1,56,186,0.56342,0.08616,0.55345,True,no_recovery,,1.55449,300,False
joint_lock,1.0,1,57,156,0.55581,0.08025,0.2823,True,recovered,1.0833,2.5142,300,False
joint_lock,1.0,1,58,201,0.50109,0.09869,0.18735,True,recovered,0.2667,2.5497,300,False
joint_lock,1.0,1,59,228,0.53614,0.06293,0.37136,True,recovered,2.2,2.3016,300,False
joint_lock,1.0,1,60,167,0.46348,0.10789,0.48262,True,no_recovery,,1.77411,300,False
joint_lock,1.0,1,61,192,0.67113,0.19081,0.47885,True,no_recovery,,2.55523,300,False
joint_lock,1.0,1,62,194,0.50597,0.07308,1.00601,True,recovered,2.2167,1.90014,300,False
joint_lock,1.0,1,63,195,0.41331,0.10367,0.19415,True,no_recovery,,2.68026,300,False
joint_lock,1.0,1,64,201,0.55092,0.07626,0.61239,True,recovered,4.0167,1.84041,300,False
joint_lock,1.0,1,65,167,0.60199,0.12318,0.57549,True,recovered,2.4833,2.41265,300,False
joint_lock,1.0,1,66,244,0.5578,0.08799,0.45101,True,recovered,2.0167,2.4954,300,False
joint_lock,1.0,1,67,228,0.55539,0.08262,0.39191,True,no_recovery,,2.06642,300,False
joint_lock,1.0,1,68,198,0.56744,0.08934,0.43511,True,recovered,2.2,2.66506,300,False
joint_lock,1.0,1,69,155,0.53684,0.11656,0.55561,True,no_recovery,,2.14379,300,False
joint_lock,1.0,1,70,214,0.58907,0.07601,0.65786,True,recovered,2.7833,2.03317,300,False
joint_lock,1.0,1,71,245,0.53591,0.10403,0.49465,True,no_recovery,,1.59289,300,False
joint_lock,1.0,1,72,245,0.5041,0.08412,0.5732,True,no_recovery,,1.80749,300,False
joint_lock,1.0,1,73,231,0.51599,0.10182,1.06965,True,no_recovery,,0.34911,300,False
joint_lock,1.0,1,74,169,0.45926,0.06921,0.26044,True,recovered,3.3167,2.40573,300,False
joint_lock,1.0,1,75,216,0.42276,0.05715,0.9196,True,recovered,0.6167,1.55292,300,False
joint_lock,1.0,1,76,206,0.58002,0.08102,0.5931,True,fell,,1.69381,234,True
joint_lock,1.0,1,77,155,0.57706,0.0932,0.93206,True,no_recovery,,2.11071,300,False
joint_lock,1.0,1,78,223,0.60339,0.09555,0.3905,True,recovered,1.3333,2.32378,300,False
joint_lock,1.0,1,79,160,0.50426,0.07602,0.37558,True,recovered,0.95,2.10282,300,False
joint_lock,1.0,1,80,240,0.49002,0.0841,0.58239,True,no_recovery,,2.44498,300,False
joint_lock,1.0,1,81,155,0.54,0.07035,0.985,True,no_recovery,,1.7042,300,False
joint_lock,1.0,1,82,221,0.5612,0.09044,0.48181,True,recovered,2.75,2.35202,300,False
joint_lock,1.0,1,83,224,0.6244,0.09188,0.99872,True,no_recovery,,0.79025,300,False
joint_lock,1.0,1,84,215,0.37006,0.08298,0.44649,True,no_recovery,,2.16496,300,False
joint_lock,1.0,1,85,221,0.51714,0.11788,0.1512,True,recovered,0.0333,2.48125,300,False
joint_lock,1.0,1,86,245,0.63037,0.10425,0.9773,True,recovered,1.2333,2.34546,300,False
joint_lock,1.0,1,87,211,0.43326,0.09505,0.32337,True,recovered,2.6167,2.36041,300,False
joint_lock,1.0,1,88,200,0.50291,0.12929,0.71779,True,no_recovery,,1.43999,300,False
joint_lock,1.0,1,89,235,0.47252,0.09383,0.34163,True,recovered,0.5667,2.21182,300,False
joint_lock,1.0,1,90,215,0.4722,0.12544,1.00284,True,no_recovery,,0.44332,300,False
joint_lock,1.0,1,91,223,0.47897,0.10522,0.43318,True,recovered,4.0667,2.40509,300,False
joint_lock,1.0,1,92,194,0.53639,0.11681,0.43708,True,recovered,1.4667,2.32499,300,False
joint_lock,1.0,1,93,245,0.48417,0.07888,0.49168,True,recovered,2.6333,1.7857,300,False
joint_lock,1.0,1,94,154,0.40717,0.08326,1.00078,True,no_recovery,,0.23872,300,False
joint_lock,1.0,1,95,194,0.50213,0.12008,0.99502,True,no_recovery,,0.83406,300,False
joint_lock,1.0,1,96,232,0.54866,0.10911,0.89717,True,recovered,0.7833,1.87535,300,False
joint_lock,1.0,1,97,163,0.50118,0.08977,0.40909,True,no_recovery,,1.90445,300,False
joint_lock,1.0,1,98,183,0.47009,0.1238,0.57894,True,recovered,4.0167,2.01249,300,False
joint_lock,1.0,1,99,245,0.54933,0.07467,0.89307,True,fell,,0.89325,191,True
actuation_delay,10,1,0,235,0.52603,0.06713,1.19072,True,no_recovery,,0.42637,300,False
actuation_delay,10,1,1,197,0.65305,0.07521,1.36216,True,no_recovery,,0.17947,300,False
actuation_delay,10,1,2,233,0.51233,0.08207,1.66624,True,fell,,0.70851,170,True
actuation_delay,10,1,3,231,0.54384,0.12812,0.76791,True,fell,,0.32525,71,True
actuation_delay,10,1,4,222,0.5093,0.09859,0.89145,True,fell,,0.52863,129,True
actuation_delay,10,1,6,194,0.52478,0.10329,1.17283,True,fell,,0.88607,196,True
actuation_delay,10,1,7,244,0.54566,0.11242,0.95888,True,fell,,0.77482,143,True
actuation_delay,10,1,8,221,0.69083,0.12239,1.11919,True,fell,,0.9664,207,True
actuation_delay,10,1,9,192,0.38644,0.20837,1.27596,True,recovered,1.6,0.83176,300,False
actuation_delay,10,1,10,227,0.54904,0.11362,1.01564,True,no_recovery,,1.5256,300,False
actuation_delay,10,1,11,163,0.47767,0.18504,1.04154,True,fell,,0.84945,168,True
actuation_delay,10,1,12,211,0.54338,0.08989,0.76475,True,fell,,0.5739,97,True
actuation_delay,10,1,13,239,0.54842,0.15051,1.26181,True,fell,,0.35003,139,True
actuation_delay,10,1,14,165,0.62181,0.07285,1.08012,True,fell,,0.9286,152,True
actuation_delay,10,1,15,243,0.47045,0.09053,1.10599,True,fell,,1.05534,247,True
actuation_delay,10,1,16,203,0.50162,0.0783,0.88139,True,recovered,3.1667,1.5087,300,False
actuation_delay,10,1,17,224,0.36731,0.10806,1.29167,True,no_recovery,,0.9374,300,False
actuation_delay,10,1,18,239,0.49644,0.08127,1.09116,True,fell,,0.64013,170,True
actuation_delay,10,1,19,208,0.46157,0.08726,1.26352,True,recovered,1.85,0.76192,300,False
actuation_delay,10,1,20,239,0.53145,0.10418,1.39807,True,no_recovery,,0.4509,300,False
actuation_delay,10,1,21,180,0.17684,0.20493,1.24698,True,no_recovery,,1.21141,300,False
actuation_delay,10,1,22,227,0.51103,0.09637,0.82973,True,fell,,0.80934,153,True
actuation_delay,10,1,23,153,0.55003,0.10158,1.56094,True,fell,,0.48833,130,True
actuation_delay,10,1,24,188,0.35712,0.21863,0.7472,True,fell,,0.82702,152,True
actuation_delay,10,1,25,200,0.59573,0.12212,0.86463,True,no_recovery,,1.11606,300,False
actuation_delay,10,1,26,236,0.56828,0.06973,1.22251,True,fell,,0.74075,202,True
actuation_delay,10,1,27,150,0.42935,0.09427,1.41165,True,no_recovery,,0.89108,300,False
actuation_delay,10,1,28,216,0.44881,0.07526,1.43149,True,no_recovery,,0.73588,300,False
actuation_delay,10,1,29,243,0.59802,0.06408,1.03929,True,fell,,1.36282,299,True
actuation_delay,10,1,30,160,0.58394,0.07795,0.75679,True,fell,,1.0555,261,True
actuation_delay,10,1,31,204,0.48764,0.08763,0.75226,True,fell,,1.08056,191,True
actuation_delay,10,1,32,237,0.64311,0.09105,1.16721,True,no_recovery,,0.95267,300,False
actuation_delay,10,1,33,237,0.43399,0.0753,1.06154,True,fell,,1.01028,285,True
actuation_delay,10,1,34,156,0.54171,0.08747,1.26388,True,fell,,0.58561,252,True
actuation_delay,10,1,35,160,0.50209,0.10749,1.06029,True,fell,,0.98579,283,True
actuation_delay,10,1,36,188,0.59959,0.10476,1.16156,True,no_recovery,,0.43145,300,False
actuation_delay,10,1,37,165,0.55999,0.08521,0.21943,True,fell,,0.66264,64,True
actuation_delay,10,1,38,174,0.48712,0.06119,0.60584,True,fell,,0.56144,68,True
actuation_delay,10,1,39,247,0.44713,0.117,0.85213,True,no_recovery,,1.13706,300,False
actuation_delay,10,1,40,206,0.45167,0.07414,1.01385,True,fell,,0.78363,210,True
actuation_delay,10,1,41,216,0.55242,0.07295,1.40939,True,fell,,0.122,180,True
actuation_delay,10,1,42,158,0.55229,0.06609,1.02047,True,fell,,0.85542,171,True
actuation_delay,10,1,43,200,0.48134,0.10383,1.19546,True,no_recovery,,0.75739,300,False
actuation_delay,10,1,44,216,0.6031,0.06749,0.90797,True,no_recovery,,1.34768,300,False
actuation_delay,10,1,45,242,0.56498,0.13072,1.07801,True,no_recovery,,0.94323,300,False
actuation_delay,10,1,46,200,0.6371,0.09016,1.39276,True,fell,,0.2369,107,True
actuation_delay,10,1,47,159,0.5722,0.09388,1.26946,True,no_recovery,,0.7404,300,False
actuation_delay,10,1,48,163,0.45685,0.12735,0.89249,True,no_recovery,,0.95202,300,False
actuation_delay,10,1,49,154,0.46554,0.10528,0.90018,True,fell,,1.09322,217,True
actuation_delay,10,1,50,228,0.50493,0.09467,1.09719,True,no_recovery,,0.69646,300,False
actuation_delay,10,1,51,188,0.57389,0.09353,1.05431,True,fell,,0.59206,172,True
actuation_delay,10,1,53,225,0.52504,0.11009,1.08381,True,no_recovery,,0.99158,300,False
actuation_delay,10,1,54,181,0.56589,0.08586,0.72707,True,fell,,1.54398,256,True
actuation_delay,10,1,55,246,0.52052,0.11952,1.13343,True,fell,,0.59871,197,True
actuation_delay,10,1,56,186,0.56342,0.08616,1.18356,True,fell,,0.56543,231,True
actuation_delay,10,1,57,156,0.55581,0.08025,0.88716,True,fell,,0.50022,89,True
actuation_delay,10,1,58,201,0.50109,0.09869,1.12782,True,fell,,0.37878,174,True
actuation_delay,10,1,59,228,0.53614,0.06293,1.5973,True,no_recovery,,0.57154,300,False
actuation_delay,10,1,60,167,0.46348,0.10789,0.92323,True,fell,,0.40053,106,True
actuation_delay,10,1,61,192,0.67113,0.19081,1.1393,True,fell,,0.48662,142,True
actuation_delay,10,1,62,194,0.50597,0.07308,1.07802,True,fell,,0.7324,113,True
actuation_delay,10,1,63,195,0.41331,0.10367,0.37048,True,fell,,0.46415,90,True
actuation_delay,10,1,64,201,0.55092,0.07626,1.07982,True,fell,,0.59163,215,True
actuation_delay,10,1,65,167,0.60199,0.12318,1.01397,True,no_recovery,,1.02224,300,False
actuation_delay,10,1,66,244,0.5578,0.08799,1.16393,True,no_recovery,,0.90773,300,False
actuation_delay,10,1,67,228,0.55539,0.08262,1.37174,True,fell,,0.64374,217,True
actuation_delay,10,1,68,198,0.56744,0.08934,0.88831,True,fell,,0.41987,71,True
actuation_delay,10,1,69,155,0.53684,0.11656,1.0287,True,fell,,0.9832,285,True
actuation_delay,10,1,70,214,0.58907,0.07601,1.22976,True,no_recovery,,0.98508,300,False
actuation_delay,10,1,71,245,0.53591,0.10403,1.0655,True,fell,,0.99175,277,True
actuation_delay,10,1,72,245,0.5041,0.08412,0.6202,True,fell,,0.47292,73,True
actuation_delay,10,1,73,231,0.51599,0.10182,1.15728,True,fell,,0.62863,206,True
actuation_delay,10,1,74,169,0.45926,0.06921,0.65155,True,fell,,1.23946,182,True
actuation_delay,10,1,75,216,0.42276,0.05715,0.88096,True,fell,,0.50506,67,True
actuation_delay,10,1,76,206,0.58002,0.08102,1.07512,True,no_recovery,,0.67906,300,False
actuation_delay,10,1,77,155,0.57706,0.0932,1.07022,True,no_recovery,,0.97039,300,False
actuation_delay,10,1,78,223,0.60339,0.09555,1.26044,True,no_recovery,,0.72107,300,False
actuation_delay,10,1,79,160,0.50426,0.07602,1.04643,True,no_recovery,,1.40376,300,False
actuation_delay,10,1,80,240,0.49002,0.0841,1.17887,True,no_recovery,,0.85386,300,False
actuation_delay,10,1,81,155,0.54,0.07035,1.05146,True,fell,,0.39388,183,True
actuation_delay,10,1,82,221,0.5612,0.09044,1.24414,True,no_recovery,,0.99966,300,False
actuation_delay,10,1,83,224,0.6244,0.09188,1.02103,True,no_recovery,,1.25755,300,False
actuation_delay,10,1,84,215,0.37006,0.08298,1.92079,True,fell,,0.72841,261,True
actuation_delay,10,1,85,221,0.51714,0.11788,1.66862,True,fell,,0.5001,59,True
actuation_delay,10,1,86,245,0.63037,0.10425,0.88549,True,fell,,0.72319,142,True
actuation_delay,10,1,87,211,0.43326,0.09505,1.4883,True,no_recovery,,0.97513,300,False
actuation_delay,10,1,88,200,0.50291,0.12929,1.34064,True,fell,,0.14022,182,True
actuation_delay,10,1,89,235,0.47252,0.09383,1.3955,True,no_recovery,,0.70703,300,False
actuation_delay,10,1,90,215,0.4722,0.12544,0.80981,True,fell,,0.54222,167,True
actuation_delay,10,1,91,223,0.47897,0.10522,0.7617,True,recovered,0.95,1.75011,300,False
actuation_delay,10,1,92,194,0.53639,0.11681,1.08189,True,no_recovery,,0.92421,300,False
actuation_delay,10,1,93,245,0.48417,0.07888,1.08037,True,no_recovery,,1.12513,300,False
actuation_delay,10,1,94,154,0.40717,0.08326,0.96782,True,no_recovery,,0.9515,300,False
actuation_delay,10,1,95,194,0.50213,0.12008,0.95872,True,fell,,0.60974,163,True
actuation_delay,10,1,96,232,0.54866,0.10911,0.89433,True,no_recovery,,1.32622,300,False
actuation_delay,10,1,97,163,0.50118,0.08977,1.50403,True,no_recovery,,0.70594,300,False
actuation_delay,10,1,98,183,0.47009,0.1238,0.97318,True,fell,,0.71648,221,True
actuation_delay,10,1,99,245,0.54933,0.07467,1.15197,True,fell,,1.09642,283,True
sensor_dropout,1.0,1,0,235,0.52603,0.06713,0.33013,True,recovered,1.85,2.6976,300,False
sensor_dropout,1.0,1,1,197,0.65305,0.07521,0.30651,True,recovered,2.7667,2.82822,300,False
sensor_dropout,1.0,1,2,233,0.51233,0.08207,0.3624,True,no_recovery,,2.27699,300,False
sensor_dropout,1.0,1,3,231,0.54384,0.12812,0.45386,True,recovered,2.0833,2.34686,300,False
sensor_dropout,1.0,1,4,222,0.5093,0.09859,0.46047,True,fell,,2.27207,254,True
sensor_dropout,1.0,1,6,194,0.52478,0.10329,0.13262,False,no_degradation,,2.78856,300,False
sensor_dropout,1.0,1,7,244,0.54566,0.11242,0.33392,True,recovered,0.3,2.41945,300,False
sensor_dropout,1.0,1,8,221,0.69083,0.12239,0.35253,True,recovered,3.6,2.88007,300,False
sensor_dropout,1.0,1,9,192,0.38644,0.20837,0.98913,True,fell,,1.66603,254,True
sensor_dropout,1.0,1,10,227,0.54904,0.11362,0.30903,True,recovered,1.0667,2.47852,300,False
sensor_dropout,1.0,1,11,163,0.47767,0.18504,0.26457,True,no_recovery,,2.62445,300,False
sensor_dropout,1.0,1,12,211,0.54338,0.08989,0.30869,True,recovered,1.5167,2.5366,300,False
sensor_dropout,1.0,1,13,239,0.54842,0.15051,0.47877,True,recovered,0.8667,2.43959,300,False
sensor_dropout,1.0,1,14,165,0.62181,0.07285,0.63227,True,recovered,4.1333,2.51013,300,False
sensor_dropout,1.0,1,15,243,0.47045,0.09053,0.33366,True,recovered,0.8333,2.04418,300,False
sensor_dropout,1.0,1,16,203,0.50162,0.0783,0.47501,True,recovered,0.3167,2.37018,300,False
sensor_dropout,1.0,1,17,224,0.36731,0.10806,0.38135,True,no_recovery,,2.37333,300,False
sensor_dropout,1.0,1,18,239,0.49644,0.08127,0.26532,True,recovered,0.7,2.52677,300,False
sensor_dropout,1.0,1,19,208,0.46157,0.08726,0.09572,False,no_degradation,,2.48034,300,False
sensor_dropout,1.0,1,20,239,0.53145,0.10418,0.91429,True,fell,,1.28491,188,True
sensor_dropout,1.0,1,21,180,0.17684,0.20493,0.16254,True,no_recovery,,2.66917,300,False
sensor_dropout,1.0,1,22,227,0.51103,0.09637,0.55037,True,no_recovery,,2.17593,300,False
sensor_dropout,1.0,1,23,153,0.55003,0.10158,0.23632,True,recovered,2.25,2.8897,300,False
sensor_dropout,1.0,1,24,188,0.35712,0.21863,0.05793,False,no_degradation,,2.44295,300,False
sensor_dropout,1.0,1,25,200,0.59573,0.12212,0.46092,True,recovered,2.7833,2.53796,300,False
sensor_dropout,1.0,1,26,236,0.56828,0.06973,0.55355,True,recovered,4.25,2.71317,300,False
sensor_dropout,1.0,1,27,150,0.42935,0.09427,0.87644,True,fell,,0.81633,105,True
sensor_dropout,1.0,1,28,216,0.44881,0.07526,0.16474,True,recovered,1.4,2.46956,300,False
sensor_dropout,1.0,1,29,243,0.59802,0.06408,0.44147,True,no_recovery,,2.10714,300,False
sensor_dropout,1.0,1,30,160,0.58394,0.07795,0.38214,True,recovered,1.7667,2.48121,300,False
sensor_dropout,1.0,1,31,204,0.48764,0.08763,0.28784,True,no_recovery,,2.63371,300,False
sensor_dropout,1.0,1,32,237,0.64311,0.09105,0.47264,True,no_recovery,,2.47719,300,False
sensor_dropout,1.0,1,33,237,0.43399,0.0753,0.25964,True,no_recovery,,2.7163,300,False
sensor_dropout,1.0,1,34,156,0.54171,0.08747,0.75716,True,fell,,0.6858,99,True
sensor_dropout,1.0,1,35,160,0.50209,0.10749,0.43906,True,fell,,1.52381,181,True
sensor_dropout,1.0,1,36,188,0.59959,0.10476,0.34986,True,recovered,3.45,2.7727,300,False
sensor_dropout,1.0,1,37,165,0.55999,0.08521,0.30808,True,recovered,3.9,2.81405,300,False
sensor_dropout,1.0,1,38,174,0.48712,0.06119,0.25176,True,recovered,0.6667,2.87739,300,False
sensor_dropout,1.0,1,39,247,0.44713,0.117,0.02056,False,no_degradation,,2.7511,300,False
sensor_dropout,1.0,1,40,206,0.45167,0.07414,0.4606,True,no_recovery,,2.65404,300,False
sensor_dropout,1.0,1,41,216,0.55242,0.07295,0.35838,True,recovered,3.0833,2.39854,300,False
sensor_dropout,1.0,1,42,158,0.55229,0.06609,0.60845,True,recovered,2.8833,2.47496,300,False
sensor_dropout,1.0,1,43,200,0.48134,0.10383,0.33867,True,recovered,4.1333,2.43935,300,False
sensor_dropout,1.0,1,44,216,0.6031,0.06749,0.41259,True,no_recovery,,2.68192,300,False
sensor_dropout,1.0,1,45,242,0.56498,0.13072,0.39261,True,recovered,0.4167,2.58714,300,False
sensor_dropout,1.0,1,46,200,0.6371,0.09016,0.59341,True,recovered,1.6333,2.52105,300,False
sensor_dropout,1.0,1,47,159,0.5722,0.09388,0.44774,True,recovered,1.9,2.17217,300,False
sensor_dropout,1.0,1,48,163,0.45685,0.12735,0.20275,True,recovered,3.9667,2.56892,300,False
sensor_dropout,1.0,1,49,154,0.46554,0.10528,0.24742,True,fell,,2.1989,241,True
sensor_dropout,1.0,1,50,228,0.50493,0.09467,0.8774,True,fell,,1.21229,187,True
sensor_dropout,1.0,1,51,188,0.57389,0.09353,0.41907,True,recovered,0.3167,2.56592,300,False
sensor_dropout,1.0,1,53,225,0.52504,0.11009,0.15361,True,recovered,4.0,2.48874,300,False
sensor_dropout,1.0,1,54,181,0.56589,0.08586,0.6101,True,fell,,0.92475,122,True
sensor_dropout,1.0,1,55,246,0.52052,0.11952,0.12688,False,no_degradation,,2.83311,300,False
sensor_dropout,1.0,1,56,186,0.56342,0.08616,0.83858,True,recovered,2.7333,2.53111,300,False
sensor_dropout,1.0,1,57,156,0.55581,0.08025,0.37513,True,recovered,0.9833,2.45492,300,False
sensor_dropout,1.0,1,58,201,0.50109,0.09869,0.17521,True,recovered,0.0167,2.84672,300,False
sensor_dropout,1.0,1,59,228,0.53614,0.06293,0.26848,True,recovered,1.0833,2.65143,300,False
sensor_dropout,1.0,1,60,167,0.46348,0.10789,0.26397,True,recovered,2.3667,2.3057,300,False
sensor_dropout,1.0,1,61,192,0.67113,0.19081,0.47886,True,recovered,0.4333,3.05383,300,False
sensor_dropout,1.0,1,62,194,0.50597,0.07308,0.36576,True,recovered,1.9167,2.32489,300,False
sensor_dropout,1.0,1,63,195,0.41331,0.10367,-0.0253,False,no_degradation,,2.69269,300,False
sensor_dropout,1.0,1,64,201,0.55092,0.07626,0.37417,True,recovered,0.9,2.61074,300,False
sensor_dropout,1.0,1,65,167,0.60199,0.12318,0.41929,True,recovered,3.0333,2.40623,300,False
sensor_dropout,1.0,1,66,244,0.5578,0.08799,0.20037,True,recovered,2.8,2.78057,300,False
sensor_dropout,1.0,1,67,228,0.55539,0.08262,0.35634,True,recovered,0.8,2.55102,300,False
sensor_dropout,1.0,1,68,198,0.56744,0.08934,0.44989,True,recovered,0.7,2.63863,300,False
sensor_dropout,1.0,1,69,155,0.53684,0.11656,0.50898,True,no_recovery,,1.7785,300,False
sensor_dropout,1.0,1,70,214,0.58907,0.07601,0.59959,True,recovered,2.2333,2.29916,300,False
sensor_dropout,1.0,1,71,245,0.53591,0.10403,0.64836,True,recovered,1.8833,2.30702,300,False
sensor_dropout,1.0,1,72,245,0.5041,0.08412,0.50044,True,recovered,0.0167,2.58573,300,False
sensor_dropout,1.0,1,73,231,0.51599,0.10182,0.42873,True,recovered,4.3333,2.321,300,False
sensor_dropout,1.0,1,74,169,0.45926,0.06921,0.35447,True,recovered,3.1667,1.99182,300,False
sensor_dropout,1.0,1,75,216,0.42276,0.05715,0.22533,True,recovered,0.2,2.47702,300,False
sensor_dropout,1.0,1,76,206,0.58002,0.08102,0.53052,True,no_recovery,,2.04284,300,False
sensor_dropout,1.0,1,77,155,0.57706,0.0932,0.81766,True,recovered,1.95,2.15894,300,False
sensor_dropout,1.0,1,78,223,0.60339,0.09555,0.44495,True,recovered,1.4333,2.65723,300,False
sensor_dropout,1.0,1,79,160,0.50426,0.07602,0.4877,True,recovered,2.1833,2.11588,300,False
sensor_dropout,1.0,1,80,240,0.49002,0.0841,0.15473,True,no_recovery,,2.91595,300,False
sensor_dropout,1.0,1,81,155,0.54,0.07035,0.35328,True,recovered,0.9667,2.59562,300,False
sensor_dropout,1.0,1,82,221,0.5612,0.09044,0.31184,True,recovered,1.9833,2.41445,300,False
sensor_dropout,1.0,1,83,224,0.6244,0.09188,0.41824,True,no_recovery,,2.25792,300,False
sensor_dropout,1.0,1,84,215,0.37006,0.08298,0.38472,True,no_recovery,,2.97891,300,False
sensor_dropout,1.0,1,85,221,0.51714,0.11788,0.29106,True,recovered,0.0333,2.59119,300,False
sensor_dropout,1.0,1,86,245,0.63037,0.10425,0.40995,True,no_recovery,,2.39869,300,False
sensor_dropout,1.0,1,87,211,0.43326,0.09505,0.24726,True,recovered,1.2,2.07365,300,False
sensor_dropout,1.0,1,88,200,0.50291,0.12929,0.70667,True,fell,,0.75198,93,True
sensor_dropout,1.0,1,89,235,0.47252,0.09383,0.40724,True,recovered,3.3667,2.82729,300,False
sensor_dropout,1.0,1,90,215,0.4722,0.12544,0.30065,True,recovered,1.3,2.5076,300,False
sensor_dropout,1.0,1,91,223,0.47897,0.10522,0.1758,True,recovered,2.3833,2.82797,300,False
sensor_dropout,1.0,1,92,194,0.53639,0.11681,0.63089,True,recovered,3.0,2.16543,300,False
sensor_dropout,1.0,1,93,245,0.48417,0.07888,0.79979,True,fell,,1.56044,193,True
sensor_dropout,1.0,1,94,154,0.40717,0.08326,0.23165,True,recovered,2.3167,2.0019,300,False
sensor_dropout,1.0,1,95,194,0.50213,0.12008,0.41934,True,recovered,2.1667,2.16102,300,False
sensor_dropout,1.0,1,96,232,0.54866,0.10911,0.57451,True,recovered,2.9667,2.6911,300,False
sensor_dropout,1.0,1,97,163,0.50118,0.08977,0.12498,False,no_degradation,,2.56589,300,False
sensor_dropout,1.0,1,98,183,0.47009,0.1238,0.12348,False,no_degradation,,2.88846,300,False
sensor_dropout,1.0,1,99,245,0.54933,0.07467,0.43181,True,no_recovery,,1.99118,300,False
sensor_noise,0.3,1,0,235,0.52603,0.06713,0.34083,True,recovered,0.6,2.44737,300,False
sensor_noise,0.3,1,1,197,0.65305,0.07521,0.56168,True,recovered,0.9,2.70235,300,False
sensor_noise,0.3,1,2,233,0.51233,0.08207,0.29763,True,recovered,2.0,2.69562,300,False
sensor_noise,0.3,1,3,231,0.54384,0.12812,0.41254,True,recovered,0.8167,2.40882,300,False
sensor_noise,0.3,1,4,222,0.5093,0.09859,0.21499,True,recovered,3.9,2.63296,300,False
sensor_noise,0.3,1,6,194,0.52478,0.10329,0.22177,True,recovered,1.5333,2.67217,300,False
sensor_noise,0.3,1,7,244,0.54566,0.11242,0.37416,True,recovered,0.95,2.50315,300,False
sensor_noise,0.3,1,8,221,0.69083,0.12239,0.42329,True,no_recovery,,2.54299,300,False
sensor_noise,0.3,1,9,192,0.38644,0.20837,0.63461,True,fell,,0.57706,109,True
sensor_noise,0.3,1,10,227,0.54904,0.11362,0.24825,True,recovered,1.3,2.66304,300,False
sensor_noise,0.3,1,11,163,0.47767,0.18504,0.19184,True,recovered,1.6833,2.74161,300,False
sensor_noise,0.3,1,12,211,0.54338,0.08989,0.21229,True,recovered,1.9833,2.65231,300,False
sensor_noise,0.3,1,13,239,0.54842,0.15051,0.42843,True,recovered,0.5833,2.57774,300,False
sensor_noise,0.3,1,14,165,0.62181,0.07285,0.2798,True,recovered,2.8167,2.62038,300,False
sensor_noise,0.3,1,15,243,0.47045,0.09053,0.48636,True,recovered,2.35,2.36536,300,False
sensor_noise,0.3,1,16,203,0.50162,0.0783,0.22953,True,recovered,0.1333,2.65938,300,False
sensor_noise,0.3,1,17,224,0.36731,0.10806,-0.3056,False,no_degradation,,2.82579,300,False
sensor_noise,0.3,1,18,239,0.49644,0.08127,0.18451,True,recovered,0.6833,2.70029,300,False
sensor_noise,0.3,1,19,208,0.46157,0.08726,0.26604,True,recovered,2.3,2.45755,300,False
sensor_noise,0.3,1,20,239,0.53145,0.10418,0.30441,True,recovered,0.1,2.51496,300,False
sensor_noise,0.3,1,21,180,0.17684,0.20493,0.16254,True,no_recovery,,2.70378,300,False
sensor_noise,0.3,1,22,227,0.51103,0.09637,0.78493,True,fell,,2.0958,248,True
sensor_noise,0.3,1,23,153,0.55003,0.10158,0.44879,True,recovered,0.7167,2.37042,300,False
sensor_noise,0.3,1,24,188,0.35712,0.21863,0.53258,True,no_recovery,,2.35567,300,False
sensor_noise,0.3,1,25,200,0.59573,0.12212,0.44592,True,recovered,1.6333,2.6791,300,False
sensor_noise,0.3,1,26,236,0.56828,0.06973,0.30936,True,recovered,1.9,2.63213,300,False
sensor_noise,0.3,1,27,150,0.42935,0.09427,0.10383,False,no_degradation,,2.59067,300,False
sensor_noise,0.3,1,28,216,0.44881,0.07526,0.49356,True,no_recovery,,2.38278,300,False
sensor_noise,0.3,1,29,243,0.59802,0.06408,0.52985,True,recovered,1.6167,2.52095,300,False
sensor_noise,0.3,1,30,160,0.58394,0.07795,0.29302,True,recovered,1.5833,2.6525,300,False
sensor_noise,0.3,1,31,204,0.48764,0.08763,0.81391,True,no_recovery,,2.32935,300,False
sensor_noise,0.3,1,32,237,0.64311,0.09105,0.42867,True,recovered,0.3667,2.80241,300,False
sensor_noise,0.3,1,33,237,0.43399,0.0753,0.18228,True,no_recovery,,2.39248,300,False
sensor_noise,0.3,1,34,156,0.54171,0.08747,0.27478,True,recovered,2.5,2.62317,300,False
sensor_noise,0.3,1,35,160,0.50209,0.10749,0.31947,True,recovered,0.7833,2.62435,300,False
sensor_noise,0.3,1,36,188,0.59959,0.10476,0.46419,True,recovered,2.0333,2.53833,300,False
sensor_noise,0.3,1,37,165,0.55999,0.08521,0.43484,True,recovered,1.9833,2.40194,300,False
sensor_noise,0.3,1,38,174,0.48712,0.06119,0.18282,True,recovered,1.1667,2.70112,300,False
sensor_noise,0.3,1,39,247,0.44713,0.117,0.0588,False,no_degradation,,2.86554,300,False
sensor_noise,0.3,1,40,206,0.45167,0.07414,0.24222,True,recovered,2.9667,2.51533,300,False
sensor_noise,0.3,1,41,216,0.55242,0.07295,0.26251,True,no_recovery,,2.70604,300,False
sensor_noise,0.3,1,42,158,0.55229,0.06609,0.11667,False,no_degradation,,2.75003,300,False
sensor_noise,0.3,1,43,200,0.48134,0.10383,0.09783,False,no_degradation,,2.77743,300,False
sensor_noise,0.3,1,44,216,0.6031,0.06749,0.31172,True,recovered,1.15,2.59628,300,False
sensor_noise,0.3,1,45,242,0.56498,0.13072,0.36875,True,recovered,0.45,2.66236,300,False
sensor_noise,0.3,1,46,200,0.6371,0.09016,0.34059,True,no_recovery,,2.60024,300,False
sensor_noise,0.3,1,47,159,0.5722,0.09388,0.32098,True,recovered,0.7833,2.51054,300,False
sensor_noise,0.3,1,48,163,0.45685,0.12735,-0.00548,False,no_degradation,,2.8831,300,False
sensor_noise,0.3,1,49,154,0.46554,0.10528,0.13076,False,no_degradation,,2.34665,300,False
sensor_noise,0.3,1,50,228,0.50493,0.09467,0.20342,True,recovered,0.0833,2.60226,300,False
sensor_noise,0.3,1,51,188,0.57389,0.09353,0.30721,True,recovered,0.1,2.67108,300,False
sensor_noise,0.3,1,53,225,0.52504,0.11009,0.27372,True,recovered,3.0667,2.55755,300,False
sensor_noise,0.3,1,54,181,0.56589,0.08586,0.31677,True,recovered,2.0,2.5302,300,False
sensor_noise,0.3,1,55,246,0.52052,0.11952,0.35388,True,recovered,3.9333,2.68798,300,False
sensor_noise,0.3,1,56,186,0.56342,0.08616,0.47528,True,recovered,1.3833,2.54902,300,False
sensor_noise,0.3,1,57,156,0.55581,0.08025,0.1726,True,no_recovery,,2.94503,300,False
sensor_noise,0.3,1,58,201,0.50109,0.09869,0.33613,True,recovered,0.65,2.73624,300,False
sensor_noise,0.3,1,59,228,0.53614,0.06293,0.84944,True,no_recovery,,2.38796,300,False
sensor_noise,0.3,1,60,167,0.46348,0.10789,0.48739,True,no_recovery,,2.56593,300,False
sensor_noise,0.3,1,61,192,0.67113,0.19081,0.47886,True,recovered,1.4167,2.83223,300,False
sensor_noise,0.3,1,62,194,0.50597,0.07308,0.15456,True,recovered,2.1667,2.68642,300,False
sensor_noise,0.3,1,63,195,0.41331,0.10367,0.21027,True,no_recovery,,2.6897,300,False
sensor_noise,0.3,1,64,201,0.55092,0.07626,0.36057,True,recovered,0.95,2.60272,300,False
sensor_noise,0.3,1,65,167,0.60199,0.12318,0.42839,True,recovered,0.95,2.47598,300,False
sensor_noise,0.3,1,66,244,0.5578,0.08799,0.32633,True,recovered,1.85,2.6664,300,False
sensor_noise,0.3,1,67,228,0.55539,0.08262,0.14137,False,no_degradation,,2.82668,300,False
sensor_noise,0.3,1,68,198,0.56744,0.08934,0.56752,True,recovered,3.8833,2.42768,300,False
sensor_noise,0.3,1,69,155,0.53684,0.11656,0.22016,True,recovered,1.25,2.60479,300,False
sensor_noise,0.3,1,70,214,0.58907,0.07601,0.32339,True,recovered,1.3333,2.69186,300,False
sensor_noise,0.3,1,71,245,0.53591,0.10403,0.19294,True,recovered,1.5333,2.69001,300,False
sensor_noise,0.3,1,72,245,0.5041,0.08412,0.18402,True,recovered,1.3167,2.71859,300,False
sensor_noise,0.3,1,73,231,0.51599,0.10182,0.38125,True,recovered,1.1833,2.36368,300,False
sensor_noise,0.3,1,74,169,0.45926,0.06921,0.2022,True,no_recovery,,2.49896,300,False
sensor_noise,0.3,1,75,216,0.42276,0.05715,0.22564,True,recovered,0.0833,2.62941,300,False
sensor_noise,0.3,1,76,206,0.58002,0.08102,0.34466,True,recovered,0.05,2.69242,300,False
sensor_noise,0.3,1,77,155,0.57706,0.0932,0.19623,True,recovered,2.6833,2.9078,300,False
sensor_noise,0.3,1,78,223,0.60339,0.09555,0.24958,True,recovered,2.5,2.73053,300,False
sensor_noise,0.3,1,79,160,0.50426,0.07602,0.86092,True,fell,,1.15296,145,True
sensor_noise,0.3,1,80,240,0.49002,0.0841,0.08761,False,no_degradation,,2.89174,300,False
sensor_noise,0.3,1,81,155,0.54,0.07035,0.49481,True,recovered,0.7833,2.55809,300,False
sensor_noise,0.3,1,82,221,0.5612,0.09044,0.2741,True,recovered,1.6167,2.62268,300,False
sensor_noise,0.3,1,83,224,0.6244,0.09188,0.38111,True,recovered,1.3333,2.63738,300,False
sensor_noise,0.3,1,84,215,0.37006,0.08298,0.46043,True,no_recovery,,2.5102,300,False
sensor_noise,0.3,1,85,221,0.51714,0.11788,0.32733,True,recovered,0.0333,2.60226,300,False
sensor_noise,0.3,1,86,245,0.63037,0.10425,0.48417,True,recovered,1.9833,2.39467,300,False
sensor_noise,0.3,1,87,211,0.43326,0.09505,0.03635,False,no_degradation,,2.69191,300,False
sensor_noise,0.3,1,88,200,0.50291,0.12929,0.32702,True,recovered,2.5667,2.51987,300,False
sensor_noise,0.3,1,89,235,0.47252,0.09383,0.51736,True,recovered,2.0667,2.28752,300,False
sensor_noise,0.3,1,90,215,0.4722,0.12544,0.28355,True,recovered,3.9333,2.35794,300,False
sensor_noise,0.3,1,91,223,0.47897,0.10522,0.07393,False,no_degradation,,2.56862,300,False
sensor_noise,0.3,1,92,194,0.53639,0.11681,0.79843,True,recovered,1.1667,2.27064,300,False
sensor_noise,0.3,1,93,245,0.48417,0.07888,0.13777,False,no_degradation,,2.63238,300,False
sensor_noise,0.3,1,94,154,0.40717,0.08326,0.18408,True,no_recovery,,2.56087,300,False
sensor_noise,0.3,1,95,194,0.50213,0.12008,0.19249,True,recovered,3.7667,2.6143,300,False
sensor_noise,0.3,1,96,232,0.54866,0.10911,0.24374,True,no_recovery,,2.68159,300,False
sensor_noise,0.3,1,97,163,0.50118,0.08977,0.29574,True,recovered,1.6,2.44725,300,False
sensor_noise,0.3,1,98,183,0.47009,0.1238,0.01578,False,no_degradation,,2.76112,300,False
sensor_noise,0.3,1,99,245,0.54933,0.07467,0.29437,True,recovered,1.2667,2.37844,300,False
