time/total_timesteps,rollout/ep_rew_mean,time/time_elapsed,rollout/ep_len_mean,time/fps,time/iterations,train/policy_gradient_loss,train/n_updates,train/clip_range,train/clip_fraction,train/explained_variance,train/learning_rate,train/value_loss,train/approx_kl,train/std,train/entropy_loss,train/loss
8192,-3.32209725,24,64.84,328,1,,,,,,,,,,,
16384,-2.4070188900000002,50,64.35,322,2,-0.02881800812247093,10,0.2,0.15,-0.011850357055664062,0.0003,39.59152063131332,0.012009477,1.0006476640701294,-17.035240352153778,19.09099578857422
24576,-4.86749988,74,67.02,330,3,-0.03100914383830968,20,0.2,0.12166748046875,0.030617475509643555,0.0003,32.9777273952961,0.0108879395,1.0024980306625366,-17.05093632340431,15.296453475952148
32768,-2.0477703,98,66.67,333,4,-0.030792543718780506,30,0.2,0.12119140625,0.10854071378707886,0.0003,27.769678390026094,0.010054436,1.0036413669586182,-17.068556362390517,12.660449981689453
40960,0.54802693,123,65.03,331,5,-0.029637285639182664,40,0.2,0.1145751953125,0.2454422116279602,0.0003,25.727207481861115,0.009972207,1.0026823282241821,-17.06649904847145,11.679292678833008
49152,2.1336422000000006,147,69.28,333,6,-0.031675559789073306,50,0.2,0.1213623046875,0.36373794078826904,0.0003,24.12750244140625,0.010136985,1.0051575899124146,-17.07944897413254,10.664523124694824
57344,3.0078872899999998,172,65.33,332,7,-0.030108460329211086,60,0.2,0.11474609375,0.4107447862625122,0.0003,24.547589033842087,0.010559584,1.006635308265686,-17.101319336891173,10.817412376403809
65536,4.424096840000001,197,66.09,332,8,-0.03324510599195492,70,0.2,0.1386474609375,0.5072936415672302,0.0003,22.494217920303345,0.011256805,1.0081168413162231,-17.119398331642152,10.469111442565918
73728,4.327753380000001,221,69.91,333,9,-0.032835065336985284,80,0.2,0.133203125,0.5706973075866699,0.0003,22.302307772636414,0.01099319,1.007051706314087,-17.11619454026222,9.929264068603516
81920,5.554019919999999,245,65.75,333,10,-0.03253741522275959,90,0.2,0.12884521484375,0.5459539890289307,0.0003,24.56892232298851,0.010911223,1.0068694353103638,-17.110940474271775,9.934544563293457
90112,6.0636753500000005,269,69.2,334,11,-0.034371114379609935,100,0.2,0.13662109375,0.6485059261322021,0.0003,20.54377962052822,0.011536794,1.0075950622558594,-17.11584945321083,10.906725883483887
98304,8.630773549999999,292,73.61,335,12,-0.03574733200584888,110,0.2,0.14989013671875,0.6906524300575256,0.0003,18.85362567305565,0.012304711,1.008941411972046,-17.130416876077653,7.477370262145996
106496,7.908590299999999,316,73.07,336,13,-0.037324365841050165,120,0.2,0.13955078125,0.7222846746444702,0.0003,17.2344111174345,0.012462689,1.0080654621124268,-17.126528352499008,7.381669521331787
114688,8.78861149,340,69.77,337,14,-0.03620373393641785,130,0.2,0.13978271484375,0.7503128051757812,0.0003,16.258333054184913,0.012233829,1.008919358253479,-17.126987117528916,7.100400924682617
122880,6.439293130000002,363,70.2,337,15,-0.036573706104536544,140,0.2,0.14197998046875,0.7935839295387268,0.0003,13.664992770552635,0.011968553,1.00896418094635,-17.133502477407454,5.970438003540039
131072,10.845063470000003,386,68.15,338,16,-0.03615845877720858,150,0.2,0.14818115234375,0.7768731713294983,0.0003,15.502163335680962,0.012385123,1.0106643438339233,-17.14775452017784,6.704566955566406
139264,13.05710952,409,71.52,339,17,-0.037132417326211,160,0.2,0.1606201171875,0.8175763487815857,0.0003,13.052874422073364,0.013074244,1.0132721662521362,-17.173911386728285,5.815032958984375
147456,11.47440274,431,74.63,341,18,-0.03784221456226078,170,0.2,0.1655517578125,0.818305492401123,0.0003,13.688814127445221,0.013521718,1.0113972425460815,-17.169773042201996,7.092334747314453
155648,14.288456470000003,453,78.73,343,19,-0.038208881985337936,180,0.2,0.16083984375,0.8239481449127197,0.0003,14.779326659440994,0.0134292655,1.010250210762024,-17.153122752904892,6.604182720184326
163840,17.26598949,474,83.38,345,20,-0.03925373475503875,190,0.2,0.16356201171875,0.8482484817504883,0.0003,13.98498340845108,0.0131860245,1.008241057395935,-17.12801049351692,6.161820411682129
172032,16.346825990000003,495,84.63,347,21,-0.039849793932080504,200,0.2,0.17379150390625,0.8536766767501831,0.0003,12.978414776921273,0.014934085,1.0097905397415161,-17.134237623214723,6.90425443649292
180224,18.41318308,516,84.79,349,22,-0.03964249903219752,210,0.2,0.16376953125,0.8474282026290894,0.0003,15.11941039264202,0.013670651,1.0081977844238281,-17.129098910093308,6.357590198516846
188416,19.017904559999998,536,85.69,351,23,-0.04140604401909513,220,0.2,0.182080078125,0.8635664582252502,0.0003,13.409778660535812,0.015565187,1.0101884603500366,-17.140844774246215,6.575005531311035
196608,18.26377162,557,81.79,352,24,-0.04257152478676289,230,0.2,0.18887939453125,0.8668633103370667,0.0003,13.285880744457245,0.015908208,1.0122342109680176,-17.165595483779907,6.219860076904297
204800,24.430304150000005,577,95.15,354,25,-0.04465774622003664,240,0.2,0.19429931640625,0.8770785927772522,0.0003,13.267435091733933,0.01596808,1.0106135606765747,-17.155376958847047,7.4099345207214355
212992,24.864645750000005,597,93.81,356,26,-0.04310155567363836,250,0.2,0.196240234375,0.8797925114631653,0.0003,13.215311697125435,0.016371934,1.010283350944519,-17.151416516304018,6.377649307250977
221184,26.720864390000003,616,97.45,358,27,-0.044887194389593786,260,0.2,0.21104736328125,0.8891918659210205,0.0003,12.52948933839798,0.017659355,1.0102347135543823,-17.145198118686675,5.2136359214782715
229376,31.840339949999997,633,112.14,361,28,-0.045374224659462926,270,0.2,0.2197265625,0.8838087916374207,0.0003,14.400595176219941,0.018545048,1.0108543634414673,-17.148417514562606,6.913844585418701
237568,33.52397545,651,120.26,364,29,-0.044481418448413024,280,0.2,0.20836181640625,0.8828554749488831,0.0003,13.868963652849198,0.01706903,1.0096663236618042,-17.14792206287384,6.507401466369629
245760,38.981698789999996,668,127.42,367,30,-0.04315327774529578,290,0.2,0.196923828125,0.8661690354347229,0.0003,18.679364442825317,0.016506057,1.0089997053146362,-17.133464151620863,7.735611915588379
253952,44.83245082999999,683,135.41,371,31,-0.044063000484675284,300,0.2,0.20250244140625,0.8685687780380249,0.0003,17.67781143784523,0.016465198,1.0068364143371582,-17.116222858428955,8.461769104003906
262144,52.38047736000001,699,156.17,374,32,-0.04691619898949284,310,0.2,0.21854248046875,0.8792717456817627,0.0003,16.23606028854847,0.018013544,1.0059880018234253,-17.09541779756546,6.926733493804932
270336,56.87122276000001,713,160.24,378,33,-0.045950663358962626,320,0.2,0.2168212890625,0.870590090751648,0.0003,18.8094030469656,0.017835842,1.0052814483642578,-17.089524203538893,8.289548873901367
278528,64.64545218,727,173.31,382,34,-0.043113210495721435,330,0.2,0.2150146484375,0.8851475715637207,0.0003,17.21770778298378,0.01819202,1.0076981782913208,-17.104308241605757,7.28162956237793
286720,75.86052108999999,741,204.68,386,35,-0.04465222475701012,340,0.2,0.2147705078125,0.8807657361030579,0.0003,18.635551902651788,0.017544698,1.0106313228607178,-17.1403489947319,6.003867149353027
294912,73.98507991999999,756,207.36,389,36,-0.044399968726793304,350,0.2,0.21552734375,0.8823092579841614,0.0003,18.084895315766335,0.018189179,1.0131767988204956,-17.170026969909667,7.446265697479248
303104,88.40502249000001,767,239.35,394,37,-0.04468687057378702,360,0.2,0.22401123046875,0.875124454498291,0.0003,23.799030762910842,0.01801359,1.0129948854446411,-17.177312511205674,10.025845527648926
311296,108.60368615000002,779,283.64,399,38,-0.044011990110448096,370,0.2,0.22330322265625,0.8451586365699768,0.0003,18.981428718566896,0.018802226,1.0121384859085083,-17.168440926074982,7.580132961273193
319488,125.20362633,790,311.24,404,39,-0.04466511260980042,380,0.2,0.22139892578125,0.8509408831596375,0.0003,15.997529166936875,0.018932283,1.0091753005981445,-17.145347517728805,5.854823112487793
327680,143.37202787,801,345.69,408,40,-0.04341471168227144,390,0.2,0.20806884765625,0.8798654079437256,0.0003,20.877466762065886,0.01601539,1.0115827322006226,-17.15306776165962,7.888906955718994
335872,168.60721932999996,812,395.28,413,41,-0.04336551262967987,400,0.2,0.21517333984375,0.8944223523139954,0.0003,17.284255674481393,0.019017879,1.0159982442855835,-17.198371148109437,6.874505043029785
344064,196.52151021999995,823,445.85,417,42,-0.04494498541171197,410,0.2,0.25928955078125,0.8578975200653076,0.0003,15.613343971967698,0.021650147,1.0189570188522339,-17.23427682518959,8.009572982788086
352256,199.99568373000002,834,451.99,422,43,-0.04333303685853025,420,0.2,0.23802490234375,0.8428313136100769,0.0003,15.768710446357726,0.019011978,1.020917296409607,-17.258960926532744,5.944435119628906
360448,212.43964276,845,471.55,426,44,-0.04309441335644806,430,0.2,0.2304931640625,0.8561296463012695,0.0003,16.86599823832512,0.019001942,1.0220195055007935,-17.279905372858046,7.407680988311768
368640,238.90722814999998,855,516.08,430,45,-0.04344585381186335,440,0.2,0.23919677734375,0.8533915877342224,0.0003,14.661581352353096,0.021825492,1.0215554237365723,-17.27730221748352,5.7734246253967285
376832,261.38517109,865,552.21,435,46,-0.043339865519374146,450,0.2,0.248828125,0.8666394948959351,0.0003,15.918621137738228,0.020303087,1.0223727226257324,-17.284756767749787,7.191944599151611
385024,293.57506742000004,876,609.14,439,47,-0.0446083813381847,460,0.2,0.2949462890625,0.7844585180282593,0.0003,10.52074059844017,0.025015663,1.0235093832015991,-17.30157026052475,5.743483543395996
393216,318.46123946,887,649.24,443,48,-0.04713706947150058,470,0.2,0.3241943359375,0.8109186291694641,0.0003,8.79041105210781,0.0305254,1.0248618125915527,-17.305201691389083,3.9934260845184326
401408,341.58849299999997,898,685.12,447,49,-0.04268685145798372,480,0.2,0.29925537109375,0.8403943777084351,0.0003,9.535172700881958,0.028035972,1.0276514291763306,-17.3319615483284,5.033788681030273
409600,352.64917442,908,701.23,450,50,-0.04481397510608076,490,0.2,0.320849609375,0.7661925554275513,0.0003,8.451466675847769,0.027736,1.0286000967025757,-17.348516017198563,2.499161720275879
417792,370.3775542200001,918,725.78,454,51,-0.039953714366129135,500,0.2,0.24317626953125,0.8499082922935486,0.0003,9.195857234299183,0.021172486,1.0312918424606323,-17.37825200557709,3.045440435409546
425984,390.28406608000006,929,750.34,458,52,-0.041352836872829354,510,0.2,0.23292236328125,0.8538685441017151,0.0003,10.423511877655983,0.019223828,1.0304007530212402,-17.380928868055342,3.377143144607544
434176,404.37778775000004,942,767.29,460,53,-0.03904942636218038,520,0.2,0.2916015625,0.8167134523391724,0.0003,8.155966657400132,0.02636637,1.0311124324798584,-17.382291823625565,3.1662228107452393
442368,431.00431647000005,953,806.44,463,54,-0.03855980504740728,530,0.2,0.2233154296875,0.8723306655883789,0.0003,12.766458851099014,0.018211864,1.032780647277832,-17.395950269699096,4.529863357543945
450560,445.3556380899999,967,824.35,465,55,-0.04579943106800784,540,0.2,0.3498046875,0.8146408796310425,0.0003,5.692798005044461,0.03477586,1.0361347198486328,-17.435142940282823,1.890559434890747
458752,445.9838632699999,980,817.19,467,56,-0.036192858510912626,550,0.2,0.2348876953125,0.8676457405090332,0.0003,8.791356980800629,0.019704763,1.035050868988037,-17.437924444675446,3.203984260559082
466944,451.78354974999996,993,816.18,469,57,-0.0363944538126816,560,0.2,0.26007080078125,0.8668548464775085,0.0003,7.434539490193129,0.020229751,1.03830087184906,-17.462644797563552,3.141967535018921
475136,459.99653392,1007,818.26,471,58,-0.037809276193729605,570,0.2,0.19964599609375,0.8636007308959961,0.0003,10.803020790219307,0.016201833,1.0410692691802979,-17.48223931193352,5.013851642608643
483328,463.7527578,1019,818.2,473,59,-0.03965788258356042,580,0.2,0.29095458984375,0.8203940987586975,0.0003,7.873253721743822,0.026520954,1.042426586151123,-17.506582993268967,4.728199481964111
491520,476.52895623000006,1033,828.63,475,60,-0.04215020980991539,590,0.2,0.29114990234375,0.884855329990387,0.0003,5.536948525160551,0.025224246,1.0445894002914429,-17.53989968299866,2.35031795501709
499712,486.81725611999997,1046,838.83,477,61,-0.041175178869161756,600,0.2,0.43883056640625,0.7642218470573425,0.0003,3.9213511645793915,0.044417158,1.0490401983261108,-17.563441359996794,1.3685927391052246
507904,468.78471062999995,1060,801.22,479,62,-0.03521622557746014,610,0.2,0.20089111328125,0.8785547018051147,0.0003,6.450348275899887,0.016975837,1.0493541955947876,-17.587637341022493,2.3985395431518555
516096,465.53582909,1073,788.4,480,63,-0.02865603304526303,620,0.2,0.13037109375,0.8730817437171936,0.0003,17.221401484310626,0.011235175,1.0506459474563599,-17.602881968021393,7.483865261077881
524288,462.36979938999997,1085,778.25,482,64,-0.03263818896375596,630,0.2,0.171630859375,0.8503459095954895,0.0003,17.877406832575797,0.013637006,1.0500352382659912,-17.603147995471954,4.791509628295898
532480,479.42394929999995,1099,799.71,484,65,-0.038114398301695475,640,0.2,0.19715576171875,0.8504626750946045,0.0003,8.644127644598484,0.016965747,1.0529495477676392,-17.623014652729033,3.6968040466308594
540672,491.0768776,1111,812.07,486,66,-0.04029830882936949,650,0.2,0.27393798828125,0.868405282497406,0.0003,6.927537231892347,0.0252231,1.050884485244751,-17.61637641787529,2.501425266265869
548864,501.3685324100001,1125,824.3,487,67,-0.038854671071021585,660,0.2,0.4048828125,0.7890073657035828,0.0003,4.178032525628805,0.042438045,1.0523537397384644,-17.62510386109352,1.2856396436691284
557056,509.2956644200001,1138,832.4,489,68,-0.042370271524123385,670,0.2,0.29111328125,0.8420607447624207,0.0003,4.401787416636944,0.029242415,1.0509105920791626,-17.613434541225434,2.1694912910461426
565248,523.67290076,1151,848.71,490,69,-0.04115444698400097,680,0.2,0.3514892578125,0.5976077914237976,0.0003,5.27438537478447,0.0333658,1.050094723701477,-17.60144109129906,1.746790885925293
573440,519.93458853,1164,837.31,492,70,-0.0440906738229387,690,0.2,0.3568115234375,0.7318607568740845,0.0003,3.7505274318158626,0.032751538,1.0545114278793335,-17.63769029378891,1.4230965375900269
581632,531.40013544,1177,849.6,493,71,-0.030202065944467903,700,0.2,0.18812255859375,0.8587912917137146,0.0003,8.110745634883642,0.014697152,1.0551873445510864,-17.659324556589127,2.003988027572632
589824,544.12929508,1190,860.52,495,72,-0.054127441163291226,710,0.2,0.4209228515625,0.3155851364135742,0.0003,3.0362117193639278,0.04251486,1.0563231706619263,-17.666166746616362,1.1957676410675049
598016,557.5862891200001,1203,877.61,496,73,-0.029095061621046626,720,0.2,0.14813232421875,0.897914707660675,0.0003,8.830947993695736,0.011452323,1.0583795309066772,-17.68451902270317,3.5392844676971436
606208,568.81423438,1216,889.66,498,74,-0.040530254371697085,730,0.2,0.2486083984375,0.8717106580734253,0.0003,5.4094609200954435,0.022285448,1.0589261054992676,-17.69789634346962,1.7690997123718262
614400,568.04883124,1229,880.53,499,75,-0.02916133065446047,740,0.2,0.160302734375,0.8926740884780884,0.0003,12.29061550348997,0.011653481,1.061541199684143,-17.71877180337906,5.623444557189941
622592,562.8261085900001,1243,866.59,500,76,-0.034197354878415354,750,0.2,0.185595703125,0.8916221261024475,0.0003,7.888020446896553,0.015311316,1.059893250465393,-17.718867594003676,3.5581133365631104
630784,561.56530926,1256,857.47,502,77,-0.030946186103392392,760,0.2,0.23638916015625,0.8311336636543274,0.0003,10.139592272788287,0.01721264,1.0610898733139038,-17.71889271736145,2.7668979167938232
638976,552.04754388,1269,838.95,503,78,-0.030084946341230535,770,0.2,0.14254150390625,0.8759370446205139,0.0003,12.185420420765876,0.012888202,1.061545491218567,-17.726839953660964,2.6244354248046875
647168,543.3163634299999,1282,821.53,504,79,-0.03227252980359481,780,0.2,0.16456298828125,0.8301241993904114,0.0003,17.165566150844096,0.013524704,1.0622804164886475,-17.733156126737594,7.273554801940918
655360,550.6103495599999,1295,827.7,506,80,-0.03959124821049045,790,0.2,0.2435302734375,0.862743616104126,0.0003,9.748607233166695,0.020976743,1.0637117624282837,-17.749690556526183,4.292704105377197
663552,550.1074475099999,1307,821.21,507,81,-0.034187327830295544,800,0.2,0.2842041015625,0.8275951743125916,0.0003,11.977954981476069,0.024329681,1.0664737224578857,-17.77598688006401,3.568371534347534
671744,559.07302556,1320,830.84,508,82,-0.04404418169033306,810,0.2,0.39212646484375,0.7829094529151917,0.0003,5.343054082989693,0.04136928,1.0654836893081665,-17.776997631788255,2.1598927974700928
679936,559.4156848599999,1330,825.18,510,83,-0.03410991059281514,820,0.2,0.25797119140625,0.8694702386856079,0.0003,8.289845292270183,0.020187048,1.0685333013534546,-17.79810873270035,4.469885349273682
688128,571.80396577,1341,837.15,513,84,-0.032117784969887,830,0.2,0.226220703125,0.8655707836151123,0.0003,12.578950794041157,0.019535601,1.068519949913025,-17.812034279108047,6.084338188171387
696320,568.5635134600001,1351,827.26,515,85,-0.031603906961026954,840,0.2,0.281591796875,0.8135489225387573,0.0003,11.252721014618874,0.024966925,1.0696098804473877,-17.808255463838577,8.717513084411621
704512,571.95550349,1361,827.36,517,86,-0.03452237206947757,850,0.2,0.1950927734375,0.8952579498291016,0.0003,14.784986686706542,0.015224834,1.0715786218643188,-17.831803023815155,4.768106937408447
712704,566.35946562,1371,815.78,519,87,-0.03646878329018364,860,0.2,0.2026123046875,0.8587808609008789,0.0003,13.908911830186844,0.016268577,1.073156476020813,-17.850445061922073,3.527411699295044
720896,563.18636242,1382,805.58,521,88,-0.03911474243504927,870,0.2,0.28426513671875,0.9001153707504272,0.0003,9.022091175615788,0.026155505,1.076377272605896,-17.883308398723603,7.5109052658081055
729088,546.94635062,1392,779.32,523,89,-0.03426885126609704,880,0.2,0.18939208984375,0.9056635499000549,0.0003,15.350047998130322,0.01699032,1.077970027923584,-17.91024631857872,6.838554382324219
737280,536.1218094599999,1403,760.8,525,90,-0.03662592434484395,890,0.2,0.2218017578125,0.90071702003479,0.0003,15.839105968177318,0.017743832,1.07937753200531,-17.931200116872787,9.083946228027344
745472,517.8311409,1413,731.89,527,91,-0.03794491743756225,900,0.2,0.25380859375,0.8781007528305054,0.0003,15.231646013259887,0.019972164,1.0808613300323486,-17.938163024187087,7.912566661834717
753664,526.93712692,1423,742.11,529,92,-0.0377787759018247,910,0.2,0.23359375,0.8939537405967712,0.0003,16.670299944281577,0.018129017,1.0833699703216553,-17.961954152584077,4.906185150146484
761856,532.2916662099999,1433,746.31,531,93,-0.04245169409659866,920,0.2,0.2975830078125,0.890643298625946,0.0003,10.454321767389775,0.026338365,1.0819125175476074,-17.957570695877074,8.22319221496582
770048,539.08008058,1444,753.69,533,94,-0.03734534785253345,930,0.2,0.4051025390625,0.8646761178970337,0.0003,6.537865491211415,0.047653813,1.0849946737289429,-17.980185574293138,1.8208202123641968
778240,533.33272737,1454,744.62,534,95,-0.03755945977463852,940,0.2,0.255615234375,0.8960147500038147,0.0003,10.205520184338093,0.020875296,1.0861037969589233,-17.99992728829384,3.068049669265747
786432,543.81993009,1465,756.06,536,96,-0.03502693169248232,950,0.2,0.2638916015625,0.834434449672699,0.0003,11.329210262000561,0.025640853,1.088113784790039,-18.01929279565811,2.0394248962402344
794624,557.53340724,1475,773.82,538,97,-0.032418424629577204,960,0.2,0.416943359375,0.8467465043067932,0.0003,6.409319841861725,0.045195907,1.0918115377426147,-18.05154823064804,2.1900579929351807
802816,578.22935947,1485,798.35,540,98,-0.037390846709604374,970,0.2,0.3049560546875,0.7461518049240112,0.0003,7.4868855707347395,0.03172732,1.095267415046692,-18.086257302761076,2.0110690593719482
811008,579.6043159,1496,799.01,541,99,-0.03653158151646494,980,0.2,0.37120361328125,0.907133936882019,0.0003,5.090192604064941,0.03266287,1.0962339639663696,-18.10494847893715,3.2371604442596436
819200,595.36112817,1507,816.59,543,100,-0.0313475801362074,990,0.2,0.3529541015625,0.8629980683326721,0.0003,8.903651048243045,0.02760979,1.0969665050506592,-18.116601687669753,4.269284725189209
827392,580.7634153,1517,795.22,545,101,-0.03297776956496819,1000,0.2,0.1940673828125,0.9042815566062927,0.0003,13.922181561589241,0.016422018,1.0992889404296875,-18.13695244193077,8.581246376037598
835584,578.87569366,1527,792.84,546,102,-0.036043019621865825,1010,0.2,0.19554443359375,0.8939974308013916,0.0003,16.45452448576689,0.015380884,1.1017760038375854,-18.166883409023285,8.225025177001953
843776,578.47191729,1537,789.52,548,103,-0.033613884394799246,1020,0.2,0.2166259765625,0.8614063262939453,0.0003,16.06527083069086,0.018939743,1.1035064458847046,-18.18339785337448,8.809225082397461
851968,595.17502407,1548,808.46,550,104,-0.036859996612474785,1030,0.2,0.39891357421875,0.7752972841262817,0.0003,6.856893585622311,0.04433506,1.108530879020691,-18.225089985132218,2.7054975032806396
860160,598.60097998,1558,809.83,551,105,-0.03799741946713766,1040,0.2,0.312890625,0.9095902442932129,0.0003,5.723629339039325,0.032226186,1.1106756925582886,-18.261181890964508,1.8602237701416016
868352,598.3910185500001,1568,806.63,553,106,-0.03043538599231397,1050,0.2,0.415380859375,0.8906506299972534,0.0003,5.397523244470358,0.045896105,1.1153351068496704,-18.297147631645203,1.9437177181243896
876544,575.48318736,1579,775.42,555,107,-0.030425313118030317,1060,0.2,0.2551025390625,0.8570559024810791,0.0003,9.765146731585265,0.018935774,1.1168911457061768,-18.32575031518936,4.139107704162598
884736,563.6195568500001,1589,758.07,556,108,-0.032191307764151134,1070,0.2,0.16865234375,0.8847694396972656,0.0003,27.56064787209034,0.012838276,1.118441104888916,-18.345234882831573,8.152154922485352
892928,559.99520157,1599,753.31,558,109,-0.03336167723045946,1080,0.2,0.184765625,0.8838291764259338,0.0003,19.288537289202214,0.015169908,1.1193550825119019,-18.361732298135756,10.533269882202148
901120,583.6032258800001,1609,781.13,559,110,-0.03321437002741732,1090,0.2,0.32825927734375,0.9063131213188171,0.0003,9.264574705809355,0.031764854,1.1188899278640747,-18.362683033943178,1.8019299507141113
909312,595.5921734799999,1619,793.94,561,111,-0.034222048094670755,1100,0.2,0.2037109375,0.8425177931785583,0.0003,16.439871735870838,0.018204376,1.1210283041000366,-18.370977717638016,8.281136512756348
917504,584.94773938,1629,777.34,562,112,-0.036290563287911935,1110,0.2,0.27303466796875,0.8477075695991516,0.0003,18.199913251399995,0.02299076,1.1241189241409302,-18.39425710439682,4.757401466369629
925696,588.40895141,1639,780.91,564,113,-0.034679834642156494,1120,0.2,0.2708740234375,0.8875829577445984,0.0003,16.798173849284648,0.021958016,1.1252700090408325,-18.416965210437773,8.495612144470215
933888,585.0944746299999,1650,774.46,565,114,-0.03254394382674945,1130,0.2,0.27890625,0.793164849281311,0.0003,12.44053556919098,0.026839713,1.1264439821243286,-18.427948027849197,6.399653434753418
942080,592.86573768,1659,783.19,567,115,-0.022063612886267948,1140,0.2,0.53851318359375,0.7867060303688049,0.0003,11.612551114708186,0.063780464,1.137378454208374,-18.51266915202141,1.6175256967544556
950272,606.5958370099999,1669,799.71,569,116,-0.03087285927904304,1150,0.2,0.48909912109375,0.8326163291931152,0.0003,3.082735988497734,0.06151095,1.1412750482559204,-18.572652298212052,0.996638298034668
958464,635.70415192,1679,833.41,570,117,-0.03493709825488622,1160,0.2,0.33204345703125,0.8401352167129517,0.0003,4.50006660670042,0.034585435,1.1452912092208862,-18.619798678159714,1.6734951734542847
966656,651.44423795,1689,850.48,572,118,-0.03174312065530103,1170,0.2,0.3815185546875,0.8163788914680481,0.0003,3.884211486950517,0.040847745,1.1470669507980347,-18.64636378288269,1.434847116470337
974848,657.6591412,1700,855.44,573,119,-0.03773737449009786,1180,0.2,0.30509033203125,0.8476842641830444,0.0003,3.9034236572682857,0.029318875,1.152328372001648,-18.686419278383255,1.337477207183838
983040,648.24293662,1709,843.02,574,120,-0.02716535661893431,1190,0.2,0.1748779296875,0.8506075143814087,0.0003,14.223057132214308,0.012841133,1.154125690460205,-18.718689823150633,8.868612289428711
991232,615.04045045,1730,801.31,572,121,-0.026742046705476242,1200,0.2,0.12576904296875,0.8572523593902588,0.0003,19.94288652539253,0.010592809,1.1575123071670532,-18.744607108831406,8.391801834106445
999424,636.6977538199999,1749,825.78,571,122,-0.0256533416788443,1210,0.2,0.0930908203125,0.9002627730369568,0.0003,29.82997663319111,0.009227612,1.1582144498825073,-18.763825410604476,13.712403297424316
1007616,635.8762172900001,1768,824.42,569,123,-0.0355875001372624,1220,0.2,0.2033447265625,0.9047447443008423,0.0003,12.998653328418731,0.018008796,1.159955382347107,-18.780579268932343,7.809741020202637
1015808,644.4077472900001,1788,835.53,568,124,-0.03560390218408429,1230,0.2,0.18541259765625,0.8142628073692322,0.0003,14.865172189474105,0.016134448,1.1644086837768555,-18.80953233242035,4.072122097015381
1024000,643.76964548,1806,834.44,566,125,-0.03011514268218889,1240,0.2,0.2761474609375,0.8318240642547607,0.0003,10.082999228686095,0.026548363,1.1681488752365112,-18.847602719068526,1.4917006492614746
1032192,642.01649221,1824,830.36,565,126,-0.03356193488070858,1250,0.2,0.29066162109375,0.8183432221412659,0.0003,10.337367565184831,0.028232511,1.170737385749817,-18.879730451107026,4.2007975578308105
1040384,608.6879514,1843,789.43,564,127,-0.03582711244671373,1260,0.2,0.41988525390625,0.8349326848983765,0.0003,4.160250211507082,0.05267094,1.1745356321334839,-18.927080076932906,1.324357032775879
1048576,607.13982528,1862,787.24,563,128,-0.028424509210162797,1270,0.2,0.18428955078125,0.8877941966056824,0.0003,20.45597749054432,0.0124605,1.1780840158462524,-18.952192068099976,9.848655700683594
1056768,610.5828717700001,1880,791.86,562,129,-0.02946982621724601,1280,0.2,0.3263427734375,0.8515684604644775,0.0003,12.785804660618306,0.045026816,1.18317449092865,-18.998524111509322,6.966975688934326
1064960,609.01152412,1898,788.62,560,130,-0.03215642754439614,1290,0.2,0.20574951171875,0.8783046007156372,0.0003,13.697196799516679,0.018236471,1.1892297267913818,-19.058716422319414,3.414984941482544
1073152,639.0068404299999,1916,824.51,559,131,-0.03621254330937518,1300,0.2,0.27427978515625,0.8883551359176636,0.0003,8.014363890141249,0.025816392,1.1902419328689575,-19.087730979919435,2.535688877105713
1081344,653.33358086,1935,841.55,558,132,-0.034196376874751876,1310,0.2,0.43658447265625,0.8466857075691223,0.0003,5.848371240124107,0.04864203,1.1954903602600098,-19.12217623591423,3.3999361991882324
1089536,649.30507133,1950,835.74,558,133,-0.027210901892976834,1320,0.2,0.28470458984375,0.7909109592437744,0.0003,9.144586573541165,0.024831932,1.1964627504348755,-19.14633179306984,2.9462080001831055
1097728,628.79655713,1968,808.94,557,134,-0.02970257001070422,1330,0.2,0.24385986328125,0.9284457564353943,0.0003,9.72222368195653,0.021332,1.1994928121566772,-19.16666905283928,1.2875847816467285
1105920,618.4106085,1986,796.88,556,135,-0.032720535548287445,1340,0.2,0.17894287109375,0.902382493019104,0.0003,14.4188398078084,0.015172851,1.2011593580245972,-19.188672065734863,11.290828704833984
1114112,617.2884936,2004,794.85,555,136,-0.028924858824757392,1350,0.2,0.25076904296875,0.8511924743652344,0.0003,17.73599520474672,0.022594115,1.2064694166183472,-19.224928534030916,9.345769882202148
1122304,638.94517755,2023,821.64,554,137,-0.025762067531468348,1360,0.2,0.45528564453125,0.7156214118003845,0.0003,5.399876041710376,0.048239496,1.2124828100204468,-19.287413853406907,1.6005685329437256
1130496,649.24323926,2041,833.35,553,138,-0.028280982263095212,1370,0.2,0.266455078125,0.8626561164855957,0.0003,9.164370953291655,0.024838042,1.2165096998214722,-19.328651976585387,3.189030170440674
1138688,651.64131535,2060,834.01,552,139,-0.032300212916743475,1380,0.2,0.2296630859375,0.832726001739502,0.0003,10.970470329374075,0.019498996,1.2202329635620117,-19.36664499640465,2.0789763927459717
1146880,664.1151182800002,2078,848.73,551,140,-0.028518110900768077,1390,0.2,0.30897216796875,0.8387994766235352,0.0003,7.689833002537489,0.025989927,1.2225021123886108,-19.39319834113121,2.9302897453308105
1155072,657.3104213400001,2097,840.42,550,141,-0.035809212817184743,1400,0.2,0.302490234375,0.9017413854598999,0.0003,6.06644898429513,0.027008627,1.2272173166275024,-19.43093192577362,1.5192605257034302
1163264,653.7858028,2116,837.64,549,142,-0.03957890876190504,1410,0.2,0.368505859375,0.910369873046875,0.0003,5.465635693818331,0.035891768,1.2283169031143188,-19.44921869635582,2.2905001640319824
1171456,660.9680461300002,2135,845.55,548,143,-0.030475078072777252,1420,0.2,0.24525146484375,0.8073238134384155,0.0003,11.723647773265839,0.020622838,1.2307804822921753,-19.478095614910124,6.21183443069458
1179648,668.9117357299998,2153,854.24,547,144,-0.030014102596032897,1430,0.2,0.38206787109375,0.893729567527771,0.0003,6.1931112639606,0.04403392,1.2356547117233276,-19.522655767202377,1.0702468156814575
1187840,676.08486141,2171,863.34,547,145,-0.021783162789870403,1440,0.2,0.42568359375,0.7840015888214111,0.0003,9.704558864235878,0.044139918,1.2369414567947388,-19.544364553689956,3.4859983921051025
1196032,681.8907758799999,2188,869.43,546,146,-0.029285116573009872,1450,0.2,0.202587890625,0.8460696935653687,0.0003,13.182009692490102,0.01778001,1.2382131814956665,-19.55343931913376,3.670414447784424
1204224,667.2429821599998,2207,850.24,545,147,-0.02865709776597214,1460,0.2,0.30306396484375,0.8192625045776367,0.0003,9.392652015388013,0.027565524,1.2411872148513794,-19.572631746530533,3.6663975715637207
1212416,676.9395246299999,2225,861.73,544,148,-0.02891300615592627,1470,0.2,0.16124267578125,0.8649207353591919,0.0003,12.187784521281719,0.014768777,1.2439051866531372,-19.602160596847533,5.056027889251709
1220608,666.05765754,2242,849.93,544,149,-0.03359553410991793,1480,0.2,0.39322509765625,0.8540775775909424,0.0003,8.480769403278828,0.042216145,1.2488653659820557,-19.642735052108765,2.5346362590789795
1228800,662.4634945700001,2260,844.59,543,150,-0.02933639561815653,1490,0.2,0.22431640625,0.8637977242469788,0.0003,8.577627199143171,0.018732617,1.2501975297927856,-19.67427241206169,2.6143224239349365
1236992,667.6871354900001,2278,848.26,542,151,-0.0280607987602707,1500,0.2,0.25655517578125,0.665434718132019,0.0003,13.212067785859109,0.027983863,1.254080891609192,-19.69633327126503,2.790714740753174
1245184,670.8100121699999,2295,851.36,542,152,-0.0244979998729832,1510,0.2,0.31131591796875,0.827049195766449,0.0003,12.535331432521343,0.024932921,1.2559365034103394,-19.721031910181047,7.136808395385742
1253376,671.39434962,2313,850.95,541,153,-0.024374309332779377,1520,0.2,0.3909423828125,0.7535140514373779,0.0003,10.512023083865643,0.05080186,1.2646605968475342,-19.769352793693542,3.148895025253296
1261568,671.00936617,2330,850.72,541,154,-0.02290684499384952,1530,0.2,0.44599609375,0.8444942235946655,0.0003,8.372121234238147,0.054315858,1.2669625282287598,-19.82215735912323,2.5714597702026367
1269760,683.6083073899999,2348,865.5,540,155,-0.017828133028524464,1540,0.2,0.4013916015625,0.6620281934738159,0.0003,7.654080522805453,0.04783231,1.2678405046463013,-19.834818369150163,1.3152260780334473
1277952,692.03461963,2365,874.29,540,156,-0.019930544508679305,1550,0.2,0.42283935546875,0.7877236604690552,0.0003,6.093880449980498,0.04236621,1.2735382318496704,-19.871019339561464,2.6788229942321777
1286144,704.1145623,2382,887.51,539,157,-0.04648580377543112,1560,0.2,0.5095947265625,0.24675726890563965,0.0003,2.191287389025092,0.057906944,1.275955319404602,-19.92653695344925,0.6593184471130371
1294336,707.16603927,2399,890.45,539,158,-0.06059347725094995,1570,0.2,0.452294921875,0.4689415693283081,0.0003,1.7200265411287545,0.04771524,1.278507113456726,-19.93382360935211,0.6096959114074707
1302528,708.18591774,2417,890.93,538,159,-0.026643619412061524,1580,0.2,0.256591796875,0.803681492805481,0.0003,5.086151099950075,0.022875462,1.2813459634780884,-19.946696919202804,0.7665395140647888
1310720,727.36427229,2435,911.91,538,160,-0.02318384698155569,1590,0.2,0.12191162109375,0.8486287593841553,0.0003,7.486066482961178,0.010753549,1.2844425439834595,-19.97295585870743,2.076226234436035
1318912,731.6139339,2453,917.98,537,161,-0.060170679360817304,1600,0.2,0.45296630859375,0.3264562487602234,0.0003,1.6962538830935956,0.048446506,1.2825171947479248,-19.98978888988495,0.3752102851867676
1327104,734.13362869,2470,920.95,537,162,-0.029072678445663767,1610,0.2,0.27493896484375,0.7429242730140686,0.0003,6.3701711289584635,0.02388852,1.2873504161834717,-19.999995452165603,1.2568767070770264
1335296,729.2567554,2487,912.92,536,163,-0.025289790173701476,1620,0.2,0.2141845703125,0.8356808423995972,0.0003,5.2377015795558695,0.018983614,1.288399577140808,-20.024378621578215,2.130124807357788
1343488,722.0126782000001,2506,903.46,536,164,-0.02306121758156223,1630,0.2,0.167431640625,0.8836468458175659,0.0003,7.881397489830851,0.0128986025,1.2896918058395386,-20.033358854055404,7.2948994636535645
1351680,724.1796413400001,2525,905.19,535,165,-0.024989038961939512,1640,0.2,0.13944091796875,0.8561191558837891,0.0003,9.244949761778116,0.011831004,1.2910350561141968,-20.047535061836243,2.357776641845703
1359872,724.2358515499999,2543,903.33,534,166,-0.02334575774220866,1650,0.2,0.1464599609375,0.8293440341949463,0.0003,6.693513388186693,0.013821457,1.2929843664169312,-20.06203697323799,0.9589496850967407
1368064,707.92193126,2560,883.57,534,167,-0.026162894228036748,1660,0.2,0.1945556640625,0.7268537878990173,0.0003,8.809914810210467,0.017644608,1.2934750318527222,-20.071582037210465,2.518423557281494
1376256,703.8274816400001,2578,876.89,533,168,-0.030544566096796188,1670,0.2,0.25130615234375,0.9365187883377075,0.0003,4.739532538503409,0.026205564,1.2948929071426392,-20.083856457471846,0.8565794825553894
1384448,697.29590778,2597,866.74,533,169,-0.024572471018473152,1680,0.2,0.23336181640625,0.8406242728233337,0.0003,6.523960170522332,0.018739214,1.2983415126800537,-20.109777849912643,2.6503305435180664
1392640,705.2977186699999,2614,874.04,532,170,-0.0224534506603959,1690,0.2,0.138623046875,0.8317474722862244,0.0003,14.455700801312924,0.010635247,1.3009527921676636,-20.135162395238876,3.8263700008392334
1400832,688.9360820500001,2631,854.16,532,171,-0.029025485262536677,1700,0.2,0.35604248046875,0.8748676180839539,0.0003,7.417691065371036,0.035357527,1.306160807609558,-20.177543026208877,9.506415367126465
1409024,694.96490069,2645,859.86,532,172,-0.026138822671055096,1710,0.2,0.133154296875,0.8802407383918762,0.0003,12.58652109950781,0.010446673,1.3078749179840088,-20.200920075178146,5.6295294761657715
1417216,698.3341272099999,2657,863.99,533,173,-0.0273484952544095,1720,0.2,0.2966796875,0.8919411897659302,0.0003,8.06868666820228,0.030472096,1.3094159364700317,-20.21489377617836,1.800804615020752
1425408,701.41223266,2669,867.31,534,174,-0.026916638638067526,1730,0.2,0.225927734375,0.9104067087173462,0.0003,8.718337000906468,0.019680394,1.3106801509857178,-20.234080439805986,4.185964584350586
1433600,703.10237944,2681,868.0,534,175,-0.025037021297612226,1740,0.2,0.21773681640625,0.8177714347839355,0.0003,9.663778229057788,0.020440504,1.3147324323654175,-20.253668969869615,2.250898838043213
1441792,679.5449975500001,2694,841.04,535,176,-0.021647665346972645,1750,0.2,0.49324951171875,0.7989524006843567,0.0003,7.155870804563165,0.0632605,1.3202253580093384,-20.297681552171706,0.7451276779174805
1449984,666.7613329,2706,825.98,535,177,-0.02719005823455518,1760,0.2,0.18209228515625,0.8717243671417236,0.0003,13.097001938521862,0.012358453,1.3241740465164185,-20.338350313901902,3.479714870452881
1458176,661.9915777099999,2719,822.41,536,178,-0.026762562024669024,1770,0.2,0.14859619140625,0.873051643371582,0.0003,12.336091935634613,0.012602435,1.3246783018112183,-20.35339665412903,6.661806106567383
1466368,664.1785334400001,2731,826.54,536,179,-0.02773498751121224,1780,0.2,0.21781005859375,0.8488823175430298,0.0003,15.972182454913854,0.01825986,1.3280270099639893,-20.377010238170623,6.622616291046143
1474560,649.03636479,2744,809.65,537,180,-0.029659585148328914,1790,0.2,0.18531494140625,0.884872317314148,0.0003,14.08054393529892,0.01492126,1.331034541130066,-20.402442294359208,4.669252395629883
1482752,657.9927789299999,2756,819.74,538,181,-0.0302126579801552,1800,0.2,0.16488037109375,0.8906295299530029,0.0003,20.55125624984503,0.012515085,1.3352347612380981,-20.4368703186512,6.213205814361572
1490944,660.56963468,2768,820.74,538,182,-0.030879201046627714,1810,0.2,0.22154541015625,0.8750175833702087,0.0003,14.197886852920055,0.020419413,1.338613510131836,-20.471280562877656,4.391761302947998
1499136,660.2270016000001,2780,819.14,539,183,-0.02496913261420559,1820,0.2,0.4267333984375,0.8969430923461914,0.0003,6.268969666212797,0.05157262,1.3433030843734741,-20.505252403020858,2.117784261703491
1507328,662.14003246,2792,822.44,539,184,-0.025544439659279307,1830,0.2,0.25726318359375,0.8599582314491272,0.0003,11.680402306467295,0.019951373,1.3488749265670776,-20.55585446357727,4.202281475067139
